ID,y1,y2,b1,b2
1001,-1.8094489461385042,-0.25872792230588965,-2.112001210826627,0.3336452024833689
1002,-2.203286714390714,-0.24841423414439812,-1.5059570146533183,-0.396730675336361
1003,-2.2665492810360948,-0.41155340635994536,-1.6500751319484308,-0.4470798583398331
1004,-1.4691994675762452,-0.24316292090782304,-1.7779947261973832,-0.15483501637556615
1006,-0.8611223275259642,0.22368341729504834,-1.559736638428653,0.18264227943444256
1007,-0.6174835416524602,-0.1321447352196365,-1.9601220208929502,0.15907110252900603
1011,-1.845826278326716,-1.237807922217849,-1.9935689463415567,-0.30968755190733466
1012,-0.5266422469337136,0.3565841103917443,-0.4857995741224271,0.3817399849145206
1013,-1.833754917054086,-1.0631588210318754,-1.6210252644802354,-0.643165623130625
1015,-1.5701518490704822,-0.22203976165119227,-0.44354724660709954,-0.25082793955123645
1018,-0.4854557496980849,-0.21403981650929477,-1.641298055249999,0.19463064162030919
1019,-1.044113635299322,1.1160281844683224,-1.2058406311261078,0.1879160398657856
1020,-1.2266920564385502,-1.6671932361064785,-1.6911682948736317,-1.4055872335740063
1021,-2.4475166520342553,-0.6157228723385392,-2.9896208846976107,-1.361115675898629
1022,-2.198027067905489,0.06181170862875368,-2.395329173324395,-0.19699245178190977
1023,-2.4023065319339505,0.6191212886248998,-1.4926562761792854,0.6917255813830199
1024,0.5220626489692222,-1.1740304374739754,0.2768830188046941,-0.7417894765328922
1025,-3.867693440709359,-2.635809792991355,-3.9317368240871327,-2.012260013513097
1026,-2.1508176595828608,-0.9558234352999513,-2.6265962964809213,-0.832295267484078
1027,-0.5639304130365973,0.018551642838868787,-1.1682537680050342,-0.606357596140938
1028,-1.0923276104484916,-1.4486165291028912,-1.5187620655296445,-0.3218192428358876
1029,-3.3331996811781757,-0.770138680553484,-2.356924665174828,-0.3012034070007903
1030,-1.2219335603518715,1.6418589017271485,-0.424479002955554,1.3189443327224022
1032,-0.18881317607341752,0.2386477796709436,-0.25086649450759946,0.1975736656177532
1033,-2.576310674792768,-1.655350400715867,-2.665072232606366,-0.8071542204471337
1034,-1.4045658926853375,0.5771733928579235,-0.7760131129357044,0.2577075660622462
1035,-1.8295586340415129,-1.2302699256127587,-2.0848371522429634,-0.8379915374343008
1036,-2.1279261896760575,-0.005956300192041519,-2.195279098454865,-0.2923459229768206
1037,-0.03562608156219571,-0.1926693893237698,-0.9548878173420583,-0.5307496651005
1038,1.0971684971985338,-0.650165853689179,-0.37761051994236045,-0.35064330155913626
1039,-1.9032058638643843,-1.3707469702971578,-1.036526817239503,-0.8216960270607344
1040,-0.30931563088252995,-1.9316286765754718,-0.5686472504708456,-0.9931098312795965
1041,-0.11573823361328259,-0.32117984197056787,0.015427431440895917,-0.034087232745287424
1042,-3.2921514261776386,-1.2368378280738812,-1.4434178633621484,-1.2860946338077417
1043,-0.5401795485860952,0.6450434680951804,0.12741465803005872,-0.23053145418320026
1044,-4.512660482401824,0.37698295758347244,-3.390590036157064,0.26798604670548903
1045,-1.4234214708615756,0.2617814116783561,-0.16054381031105283,0.3382364188613081
1046,-2.2886592276055615,-1.5246696992240794,-1.5555054702349513,-0.9708645138775762
1047,-1.3133081459099079,-0.7631102652849941,-0.9461143900370957,-0.5992967664194274
1048,0.341102160749443,0.00045602080940165823,-0.5151073027837278,0.18417681302986316
1049,2.447584058085029,2.2673403377788524,1.4240890846347978,2.22772981205052
1050,-0.6563279471036048,-1.1654574393244483,-0.053183954088942706,-0.8981366004385755
1051,0.6271454972215287,-0.541845307314508,0.0053349680845170095,0.6314801025151913
1052,-3.042593156111911,-2.3120648680477442,-1.3547069939666236,-1.9217615177616008
1053,-3.2097278847650603,1.342102031866777,-1.4834327916508772,0.7079515138463168
1054,-2.022072097865965,0.060472190981943896,-0.3608615379021344,-0.7625944981468716
1055,-1.5837667943415816,0.7363120215428687,-2.136122178335437,0.37630229152931277
1056,-0.8140189281345501,0.9381270838148901,0.06936006758162405,-0.16784219351453084
1057,-2.4783161399887144,0.6067668001930545,-2.542965009451958,-0.14341803879122386
1058,-3.346369843369653,-0.5904735568935138,-2.3435204850543876,-0.39463745915900345
1059,0.6833015583005645,1.42027383824102,-0.7503535174749713,1.6015987694414635
1060,-2.563603607630766,-1.1743363453250575,-2.4932475374245975,-0.40254626115011843
1061,-0.3260205690395498,0.539393801926771,-1.040222431593108,0.4859645373994349
1062,-3.436368230481416,-3.5186649768620155,-3.4256565349196393,-3.568959365268518
1063,0.6805050441042932,-1.167462452473329,-0.8708553300993362,-2.072535036047177
1064,-1.7974505229660591,-0.7660280711929135,-2.3555197994954082,-0.8933403051896022
1066,-0.4548544151666723,0.6744811985908448,-0.43770326029371365,0.9038551126798836
1067,-0.535206988824882,0.08049006088076349,-0.1417351189789129,0.35112968638626013
1068,-3.16526184328976,-0.44677951763447243,-2.5739818288002088,-0.14479549149026646
1069,-2.4692593545621206,-1.1904748790989446,-1.6160987305478969,-1.6793865493451818
1071,-1.1145144644753044,-0.16728411143608146,-1.1779395271569981,-0.9553193200084107
1072,-2.9749537792807867,-0.033760817793061504,-2.402389077262764,-1.1609634712422712
1073,-1.5884570698659575,-0.43690532876204385,-2.302542661183244,-0.8387291173412442
1074,-5.331454477647423,-1.5159854998084805,-3.79784472875188,-1.8402222133915633
1075,-0.6643468351325057,-0.13434445604551706,-0.9177207540715221,-0.007382373741125016
1076,-1.1192543612477814,1.0775721072837177,-0.631793823065493,1.0237119383677895
1077,0.8457574519971618,0.34942182533301724,0.07306435219192603,-0.6873250046232653
1078,-1.6360724601996375,0.74034041397119,-1.9481760199202554,0.7478643508985534
1079,-3.3123904103563224,-1.4265279342329953,-2.5481332137422115,-2.6261187495302916
1080,0.45986228236069904,-1.7450992296564065,-0.721190041858611,-1.3651015839788236
1082,1.8801074003843816,-1.734190804019507,0.01501205687690396,-1.9375687921474878
1083,-2.2967349639994854,-1.92355503419432,-2.9390503117989057,-1.7874321742788366
1084,-0.4823335627293333,-0.21349300180027944,0.2517648445961061,-0.08132880142155824
1085,-1.0750276562369498,-1.1546072532833973,-2.2493664651170677,-1.434105547247082
1086,-0.1354139470546047,-1.5338139745205548,-0.4364796736009314,-0.3512462311610717
1087,-0.5105925556898079,-0.2196959968307126,-0.8087584478014708,0.12970704649005668
1088,-1.3169489941918078,-0.943827976921651,-1.2719950626468062,-0.03644476208164839
1089,0.1281988854187926,0.06850780986668176,-0.05643020538183644,0.5316436083391719
1090,0.546424411053736,-0.40238779986555706,-0.15443767506900535,0.21167742546539944
1091,-1.1559433340274192,0.1379099766871236,0.5877120522138948,0.38210238634449717
1092,-1.6370547143308314,0.18381170266545127,-0.9285654470558029,-0.08847833603378664
1093,-3.5515528668600043,-1.1832554813619551,-2.3648779857765,-1.3739776230817569
1094,-0.8113512850732959,-0.7365079243688505,-0.7623488981096069,-0.7410809207630389
1095,-0.4915532346722072,0.5500307628390606,-0.8341750765469115,0.25851587464556597
1096,-0.6341494935623169,1.8304749863970766,-1.215665404574546,1.9575211928343037
1097,0.14253857392524116,0.8788504135260027,-0.9439576548817932,0.538088662195945
1098,0.035387913795787485,0.4977679575904119,0.19509412368826634,-0.3657014381576902
1099,-0.42287298414457153,-1.428441406981387,-0.9598398353101575,-0.9271528366804282
1100,1.1697525316829958,0.7283516626444874,0.6736841325867042,1.4016730921576124
1101,-0.4657075550499965,-0.5287157537971636,-1.0070718658900673,-0.5757271269716758
1103,1.0619625512986568,0.353753221109097,-0.2327224623551009,0.20045051453654894
1104,-2.3177552210056183,0.9465155055509812,-1.737028257427466,0.8708052097238919
1105,-0.9575212516367372,1.8187651547399692,-0.4135814808810826,1.3624467145694958
1107,-0.9164292989874164,-0.387329438772291,-0.9524982228236679,-0.5389930036696509
1108,-1.5018102339299129,-0.21503604032885373,-0.4525792345698539,0.12675629772544786
1109,1.5818436895355243,-0.9279923715869276,0.39244805876754146,-1.159268800549149
1110,-2.6153171391470447,-0.15949875058448193,-2.183332560219729,0.33157279941797607
1111,-1.6036231108717165,-3.1458075189402797,-0.6019438365795912,-1.9938776853623024
1112,0.5257637604940204,0.9984807124400565,-0.3705897276142991,1.3383024711474931
1113,0.8302249753983394,1.034526940615018,0.08393729768606144,0.9077909265482476
1114,-1.3015022595577193,-1.7908180841490415,-1.4763966154995716,-2.0102152062089464
1115,0.25014970516206736,-0.21055850619662558,-0.6346620573295435,-0.007085088640974051
1116,-1.6354523010116464,1.2894257351193221,-2.019159297049858,0.7611197812404868
1117,-0.9396859202441877,1.0116337972909493,-1.1287409776446378,0.6630393562640863
1118,-1.2258702360080083,0.43440299364778834,-1.7911664160617287,0.5391507782035304
1119,-1.9068322961415043,0.9295663516128223,-1.2476603393965158,0.6543738671679843
1120,-2.05747074607214,-1.3790386539584714,-1.670853692335114,-0.2860297129708846
1121,-3.4896151764558723,0.22826322498294271,-2.1029684278792153,0.24676085621190777
1122,-0.32014346269581306,1.4722185017122817,-1.2805761364271975,1.1587430241543344
1123,-0.9079192366263079,0.9010993820289761,-1.3201476736325288,0.5389206836659944
1124,-1.18407171393601,-0.9597699740898469,-0.4311343445826123,-0.9694825027917322
1125,-0.3168244615935363,-0.15837401535674595,-1.444635720102526,-0.6570177978526683
1126,-0.6748485243216821,1.079563660239599,-0.5584171226987666,0.7889562136184614
1128,-1.1124447530733088,-0.6360683037779494,-0.3958176668539757,-0.7058496468003459
1130,-0.006744429066909863,0.9605876476207946,-1.16402980915442,0.8325905180338304
1131,-4.117754211011401,-1.5247844789035208,-1.8226408215305254,-1.6919365919262332
1133,-1.5754590428235087,-0.6584320554344358,-1.6283758528060894,-1.0549928749442286
1134,-0.5310028341554811,-0.08009951444346064,-1.2818624365166864,-1.0827102353975726
1135,-0.5359908925407947,1.384928347478596,-1.005799264238451,0.7755089046226911
1136,-0.7612595586278175,-0.8234082027098468,0.022565865809534853,-0.6070068087042568
1137,-1.565439339890981,-0.4155237573060501,-1.3382277137258445,-0.5270456744074173
1138,0.9670517141672708,-0.5064104382027823,0.4575606481679031,-0.3949797939906477
1139,0.4979664030899168,-0.08375619346018515,-0.573655192587185,-0.11020184369705203
1140,1.0099304176844113,1.2397931399426867,0.940056699638206,1.481425586577854
1141,-0.7394193645555724,0.058407659060354514,0.028239589217148156,-0.01147118837134069
1142,0.05062520314375596,0.8975879444922257,0.48244193226477694,1.1099103274437256
1143,-0.03844478891511932,-0.7610071512234954,-0.2848881094082127,-0.7448495908806062
1144,0.7224446771083552,1.8972708086609047,1.0787590148889874,0.8938475605784285
1145,-0.2907879916228423,0.32773064091739224,-0.1908511479742841,0.4489772601820074
1146,-0.9514651965250844,-0.6794710914092369,-0.8781681008812073,-0.4885959044833949
1147,0.12230260959278846,-0.07390431072338799,-0.16917328729551803,-0.6050592821703379
1148,-1.265826399462971,-0.32886775160877424,-0.5818575556197888,-0.8607712054204263
1149,0.21912178937821025,0.40744604577576204,-1.5720250493357066,0.30825978029058326
1150,-1.322442381881188,-0.9101946215682535,-1.8067258867463778,-0.7211495438249352
1151,0.04151418405850499,1.6324795737008242,-0.3770272533095897,1.332824910448931
1152,0.39634029273824223,-0.8524614909707707,-0.007660612817733391,-1.2308219393787867
1153,-1.8637375649209484,1.0497880962434007,-0.5336428085104898,0.2031818967342286
1154,-1.280175703087181,-1.120054338550895,-1.3676019757134072,-1.7343935228699447
1155,-3.142323567872597,-0.45710218704470457,-2.4889973347866157,0.06619000898522091
1156,1.2315085439773983,1.1061871158559626,-0.43292489211843704,0.18793248395832285
1157,-2.2133404625224253,0.1289459606772023,-1.9248033962870197,0.0046166554126174895
1158,-1.2154880921422313,0.48629805047436236,-0.5335408314330979,1.8833009648030368
1159,-0.7813652148675807,-0.13308502696655802,-1.2784540310421422,-0.28700118552880877
1160,-1.8188483869787055,0.5138294802211852,-0.8529100053952609,1.0242288996141768
1161,-0.19887528361524953,-1.3281694885420672,-0.8081712526323198,-1.4740017636655505
1162,-0.29802675855971905,0.9952866908400873,-0.7767122331248861,1.2658568253722287
1163,-2.227954070845531,0.12237209809971297,-1.2821559677692698,-0.205228867561997
1164,-0.5369601549003871,0.6405227111153969,-0.7282168367846091,0.8527623084098664
1166,-0.1041876354175788,1.201575527310954,-1.3182452457871119,0.3232837070444985
1167,-1.1340703615154484,1.3163932728916152,-0.23598156175772977,1.4909564843519036
1168,-0.8553752900320358,0.21456602840549846,-1.4404178033101689,0.20843498815030717
1169,-0.9296383408008198,1.32910354554067,-0.5889944897428292,0.7698625883097552
1170,-0.419950756792148,1.8424310396112082,-0.2118254766410133,2.005907359876779
1173,-2.725729486450926,-0.46850575293442037,-2.251090527326745,-0.6544707132652727
1175,-2.222352853550347,0.2504485912331026,-1.4957991867741662,0.1480409209028041
1176,1.4147661040061859,-0.6104957704182086,0.1388493195894271,-0.826623703829206
1177,-0.20446388915272087,0.3970890489401173,0.23109281920667676,0.6273506607123936
1179,-0.917995287347102,0.9157806807416955,-0.02964916503649986,0.6688812812574376
1181,-1.1422516427494465,2.3528417282670695,-0.5149961565954405,1.4397893928153003
1182,-1.4632758502465244,-1.663000189934931,-1.2149177463355936,-1.1161801542569245
1184,-3.4021410751196273,-0.02313665945069332,-1.6779169120369029,0.46015368801915735
1185,-1.4197140376281594,-0.17156600869938143,-1.272567192080576,0.9040118425651936
1186,-3.2434970281595312,-0.11603861418417757,-2.9646099404138733,-0.21281398374575933
1188,-0.8276760688737258,-0.6846101259255931,-1.805029985581084,-0.8107999141385158
1189,-0.07252105572256366,-1.3170125406094604,-0.05866553931218493,-0.8212425000630021
1190,-0.584222722212232,0.011003793399972595,-2.229384421878452,-0.7778118854619219
1191,-0.4553480625923726,-0.794795646363823,-1.0276552956443528,-0.2750387257989073
1192,-0.2007665968857175,-0.57573135017118,0.22623350006282486,-1.0243137015344135
1193,-0.8663098524747457,-0.8399778539642091,-0.8594352077925063,-1.1346027609525926
1194,-1.2308069113434854,-0.4360428648202544,-0.7965535322769058,0.33188848827582723
1195,0.5416960827124094,-1.0513678710301047,1.462086586596726,-0.45722427787054776
1196,0.15828480792413882,-0.7489002154486077,0.046547374111898014,-0.18966712790477386
1197,-1.7324146542231542,-0.13543840689648376,-1.5069838587983861,-0.1434839609427505
1199,-0.5994650691858272,-0.30537268987547517,-0.4843392108834419,-0.0969022863087957
1201,0.055897238045141684,0.033616638443193986,-0.6792726583191416,-0.14264868633099825
1202,2.1512277227319103,1.3644020377574413,1.1112692343453638,0.6899642829658947
1203,0.30547816939537614,2.099321965047078,0.14347967327986,2.580730033822529
1205,-0.8315854929293673,1.6065934546624687,-0.6804891414261411,1.924231869718398
1206,-0.9826372509026916,0.8069129421636595,-0.8092890226363981,1.2600588264014991
1207,-0.458543671864476,0.8979032390159418,-1.5868757191506022,1.217435437887924
1208,-2.1269777941896812,-0.3160313870194561,-1.2120481340021927,0.27675236212779497
1209,-1.7933974623063467,-0.36040018885856306,-1.5136099187064913,-0.7713061509527995
1210,-1.6878416589621938,0.9802606590151508,-0.19137794286530635,0.8712328577783619
1211,1.7081678603605535,0.6103094482420428,0.39159861005271146,0.7268211779035978
1212,-1.4154595025161767,-0.07992161297188316,-0.13038343462259955,-0.527035626968751
1214,0.49371395378794625,0.9120860360101742,0.3961806360032327,1.5282682201048017
1216,0.14733630848632445,1.3923749088058597,0.6176919054570934,1.1236741321193229
1218,0.08422759898530219,-1.1949345281059298,-0.8717252990351171,-0.7521413693972422
1220,-2.510318560936974,1.0003314676283468,-1.058257665179397,0.04367724251939305
1221,-0.5159387694627385,0.4140895035136632,-0.5653409566815091,0.7336331789627594
1222,-0.3997334108343319,0.5762811125650724,0.6742621567187893,0.7833877805184798
1223,-1.9512891294615677,-0.3709455725289465,-1.7061272747689575,-0.5123975479354775
1224,-1.6493248422561386,0.1558319579771577,-1.5410857396590067,-0.06202568618996947
1225,-1.0362820856651158,-0.06538820357031805,-2.054376935433225,-0.05870047018486577
1226,-0.9516751732023178,-0.8402646422624067,0.10861734678571246,-0.2817876626954988
1227,-0.657015269230145,-2.0531970292404833,-2.1023866484526614,-1.3787539721595894
1228,-0.1744962654242591,1.6053040464714903,-0.15510621567367458,0.9884126668830984
1229,-1.3987271070155367,-0.923857450040565,-0.6651930959533768,-1.3188476089446393
1232,-1.1476933377793912,1.1863507634489812,-1.1993425102549586,0.7231884840463713
1233,-0.8418546240844753,-0.9775628643207253,0.42541896207802843,-1.440736332205784
1234,-1.035131425335309,1.7853194261870784,-0.8475866740089112,1.4057083042922178
1235,-1.125610769292925,1.4791398973545054,0.12494802962316523,1.594499030402003
1236,-0.5145329184916433,1.1713025646171575,-0.7433002462686951,1.481552835089191
1237,-0.09950959113288549,-1.9493468259811322,-0.1379962030876061,-1.455687288095636
1239,-0.5571253284548614,-0.6965715723270823,-0.2549276467558753,-0.6339661332808961
1240,-0.4865470486703628,0.7421788141892021,-0.6721983255912375,0.6348105200526205
1241,-0.3806817050894461,0.7213426946831425,-0.2565958578161266,0.5783258186629552
1242,-0.3254889633569177,1.4617058336562199,-0.20742894349992497,0.5921700756689569
1244,-1.9086298073208772,-0.7131675373294153,-1.3821558128821008,-1.341285373086847
1245,-1.8181267864243902,-0.2661177852731123,-1.7114797229885281,0.2808441996817827
1246,-1.051917668785022,0.5227998774292899,-0.7002599218012953,0.34896777482851893
1247,-2.219738901368014,1.0417816066406322,-1.648754763056976,0.7829828725434731
1248,-1.6107194278997128,-0.11582464173358488,-1.3377678764973993,-0.17727491443488222
1252,-0.2419516014581371,-0.5322825681864044,0.0970260073809433,-0.27089971502236193
1253,1.409105518487474,-0.36180220080779457,0.1811836463128002,-1.4501317090261747
1255,-1.0428683392291747,-0.13855738985969365,-0.6930232094155849,-0.006490591271487199
1257,-1.9964543768941128,-1.7280104499173015,-1.4124101375142957,-1.6490663174172637
1258,-2.8750212838685707,-0.14627785825463513,-1.8494611443794458,-0.005225327039489687
1259,-0.24203437908986747,0.06154981753158964,-0.20284020403541753,-0.21461615104347312
1260,-2.911116579045929,-1.3609229521247301,-2.2311570694469918,-0.8561827429110294
1261,-2.189568411956862,-0.39171194446688845,-0.44130215637158837,-0.35752447807884274
1262,-0.35330045134605276,0.7417715728167297,-0.3270947440620133,0.5921807979379675
1264,-0.19114744336787126,0.4277025215055601,-0.5071721788060398,0.3369682762321244
1265,-1.4704993445935497,1.012299070239875,-0.35098016477902444,1.4981451140559963
1266,0.7837299033920382,-0.5517832185187612,-0.24853165707535663,-0.2209025443894686
1267,-3.401487112807631,0.05525033237373367,-2.588707830847135,-0.9032073800351488
1270,0.7321845671871864,1.1635733129639814,0.1508561597183806,1.3702777990895942
1271,0.8118831530790045,0.6187174274490316,0.6537704786018343,0.4611660186405373
1272,-1.0348286206065223,0.2624676077857462,-0.7903653918471962,0.47183461160187645
1274,0.1082838355133306,-1.0167821449678933,0.3330410184231048,-1.7049173029301758
1275,-0.008306741879299029,0.6368908928436177,-1.0367462777520788,1.1964572950293588
1276,-1.3875944202058463,-1.8393725414107773,-0.36082090876974915,-1.6915153448249172
1277,-2.167789695289567,1.8791416633472495,-1.2292012723100196,0.9249220261099498
1278,0.013657002479952163,-0.6806853517797519,-0.5670636874313414,-0.6903973815418821
1279,-1.4300314395932132,-0.7179137489487533,-1.362809942725042,0.2758019053682535
1280,-1.0708027607128412,0.5311076357701439,-1.3730719223356902,0.7755985461269865
1281,-0.17992589422802469,0.45755376285782406,-0.5342814433513832,0.8865657528888657
1282,-1.1906559941663497,-2.1207548066729744,-1.3086494844097425,-1.5709226941237484
1283,-1.8913720745267892,-1.1821599575408188,-1.6451907090315514,-1.2707380581797014
1284,-1.351788801053678,-1.2808332888447949,-2.114883319464107,-1.118853177338528
1285,-1.434359167999406,-0.23950791820547196,-1.6464798176690278,0.09785249145633929
1286,-2.0163338680517318,-1.0848512845942315,-2.437834777118041,-0.8629636840969767
1287,-0.049020386768607094,0.9153919987905904,0.3163387746209445,1.7072104221226572
1288,0.4090665008269989,0.4038935362572803,1.2170921714834475,-0.7897882975013141
1290,-1.7892148243034978,-1.9020215392419546,-1.212878853489108,-2.287816708501797
1291,0.9004893068005461,-0.7214345818086539,0.3811673232824865,0.14950022523876574
1292,0.23755751143132708,-0.7363851564994651,0.04370738042627367,-0.834957024244123
1293,0.05852842304741048,-0.4952238745502385,-0.015483194372048543,-0.3517543118595073
1294,-0.7739007365827444,-0.3870024763418594,-1.8487580251084805,0.13853763399240632
1295,-1.3588414216772198,0.5391619158845111,-1.0828103995943055,-0.03546662458360167
1296,-2.372889297134584,-1.2966657373555261,-1.6137182788154936,-1.0568554095823748
1297,-1.0552475551111247,0.9424050941223173,-0.8404594305885779,0.07908773553033939
1299,-1.634341583063991,0.0211265635209254,-1.8013023594975623,0.45595207133489585
1300,-2.465691673351662,0.22959635352651142,-1.5155316596580015,-0.16004808679634064
1301,-0.9548662002104412,-1.3148952358055663,0.0656811906163849,-0.06661749207765383
1302,-0.00742686995506033,0.40579716155342693,-0.015988729687373554,-0.08805509091959877
1303,-0.39730037845687993,0.7578960921105611,-0.6537440708869194,0.16798132434762006
1304,0.4045179584649521,0.3584206208117843,-0.43644585064225283,0.42782289187382405
1306,-0.5528527571291613,0.0435050699404215,-0.26080729211939074,-0.2144210057716758
1307,1.1472944893708492,-0.8726481533919531,0.04433190582593234,-0.769618934615324
1308,-0.7263761909218718,-0.07047260459146965,-0.6941141285685613,-0.45886905022037516
1309,-1.6364219452437303,0.2759024837233465,-1.0353891746252133,0.33563475915270974
1310,0.01787823820208119,-0.5652154296612204,-0.10732067344875633,-0.16799688092555634
1311,-1.555518961016306,0.1111026089451212,-0.42866730273387454,0.5007073149120526
1312,-0.06428570271290213,-1.1805198251531894,-0.8745986470556415,-0.45574816781347816
1313,0.2618409056900357,0.5279369961955515,0.10507999011303856,0.9544510498074144
1314,-2.3007494511953364,0.4706634668297689,-1.5817088292376806,-0.6351725080567521
1315,-0.479756628111272,0.3905297847555435,0.07124636359279705,0.3883499202605149
1316,0.5432299954436156,0.49617075835098723,-0.0020510627605435333,0.3372949618455047
1317,-0.0628731528879809,1.4061372813887845,-0.5670928567920561,1.0219101514188262
1319,-2.7057655333159625,0.28586838562312783,-1.4532779599211267,-0.4955163976300147
1320,-0.33097255388588587,-0.47075136076396795,-0.45529185651313103,-0.34392924015531334
1321,-0.42180318720607746,0.8124192026331359,-1.224766040272788,0.3533467746409472
1322,-1.6314111761211723,-0.42433175444575477,-0.7194741870849047,-0.48952289357741063
1324,1.054550313851942,0.5894581810060457,0.11141349461572514,0.07966807860522357
1325,-2.325790722437452,-2.4033035260902746,-2.1479469857561466,-1.845980746367577
1326,-0.13743185832085875,0.976153423649571,-0.27593680774248297,0.6644835830157594
1327,1.755245272835038,0.6296433811878932,1.182640642573214,0.78982692460162
1328,-1.6618227669754957,0.38318612023590853,-0.8329341283361807,0.7944044697272792
1329,-1.5103669681368679,0.46318181042322476,-1.115733405741859,-0.03914022843737849
1331,0.2897505288171151,0.9795173662544098,0.0036926006105823792,1.1019376925520865
1334,-1.7097570625406786,0.3267553020564151,-1.7033682759614235,0.9575462248314668
1335,-0.5698150452251216,-0.4422120025132066,-1.1457571450805883,-1.372309153823986
1337,-0.3821151098123273,1.3339182325298409,0.005051911243818283,0.8352912564539796
1338,-0.07729092161829709,0.28722342453177147,-0.9102452789036237,0.7023082563163887
1339,0.43975440820237244,-0.027615251538520902,-0.2488116831289302,0.2709926698237286
1342,-1.370160798243652,0.38973267971547665,-1.5279502307711144,0.31367548261766937
1343,-0.7501675522470554,-0.7185323580287224,-0.9458508137988575,-0.1783298583755581
1344,0.6858951470951848,1.072014598546832,0.6039543125056899,0.8409730496198367
1345,-2.001691731800724,1.7182218489214887,-2.556412832785313,0.7881265753385176
1346,0.042947554453385606,0.8344080293491809,-0.7114644088409651,0.5297864415393627
1347,-2.3155264980016543,-0.40492254663517985,-1.142600903857992,-0.2308973031763811
1350,-0.6491920998045096,1.7552192524739048,0.5243578436179589,2.0531818564558337
1354,-0.06170183157526756,2.354249383935988,-0.08311814787865526,2.515409320117699
1356,2.1882539046747325,2.291504201408877,2.056335626490676,2.426046449421188
1359,0.5549699635349864,1.5617150212222255,1.0753707519019071,1.374106704663913
1360,1.2987866774443464,-1.1124193854444238,0.4622500615011898,-1.1995965596857814
1362,0.09037118315596518,0.44762454854016415,-0.17752584514977213,0.6482321695689687
1363,-2.019183351970672,0.38056591716755694,-1.197894454306052,0.7310082275493477
1364,-0.5364114466034796,-0.0916704400789277,-1.2255282087562422,0.11738600535108008
1365,-1.5533003908726641,-0.5299438549537072,-1.6806405476819806,-0.5373820608315604
1366,-1.137413775696771,1.7863548926020527,-0.6443763653788761,1.2680256064835924
1367,0.6341928241937929,0.9326864633254838,-1.0248693282077561,0.5143819190760923
1368,-1.927134356364101,1.1780310242768377,-0.5048697050545581,1.080210042140071
1369,1.5306882959135444,0.18614782349307257,-0.27883173721293836,0.03244584293905875
1372,-1.2549799219605786,0.43373052668945594,-1.6775161925661235,0.006952563937414129
1373,-2.2057322818423346,-0.06126189161116802,-0.9622693579710981,0.5844057825855109
1374,-3.454180983447543,-2.2130691772439923,-2.023337240618322,-1.5759943392417015
1377,0.21637069547726706,1.5962682213633892,-0.22331364381067692,1.406776127272543
1380,-0.8460545556363901,3.4217022437264655,-0.059573488155748186,3.4665614599623944
1381,-1.073199898906918,-1.843892223360533,-1.4503632861531952,-1.0691808657176827
1382,0.09743340818109536,2.4839218891769574,0.662492296379957,1.6461030769696197
1383,0.686583586662461,-0.4991672355652148,-0.48530397052615776,-0.3929221632881341
1384,-1.881402099970024,-1.4956504335972813,-0.6612681101223932,-0.31133112265781077
1385,-1.4519298668559113,0.9536025795246733,-0.7748608951322136,1.5464568931507203
1386,1.1202678597083289,-0.19833172803575366,-1.2708048753011874,0.3303703861284388
1388,-1.9317805931736924,0.5592754583661235,-2.0185646218184288,1.0935516008698132
1390,-2.5633999828115646,-2.4688910593657316,-2.694168872404255,-2.3783765077697594
1391,-2.617362046906471,-0.7860257348628479,-1.946916375075334,-0.4857543305221805
1392,-0.4691393260216812,0.2310487128734171,-1.0319323157688862,0.9417977230163984
1400,0.4912668288580466,0.17526632555645505,-0.9238712365553379,-0.09254332412479117
1401,-3.3060072063278922,1.9543678965481366,-2.1232785158600866,1.8556228878620673
1402,-1.7469735273972746,0.1287527273984222,-0.7079989026377995,0.5915751263829631
1404,-0.7391770604862757,-0.7451539127289944,-0.8562124451048854,-0.7906636810986695
1405,1.0130588773498443,0.2041330768536643,1.0621315353454546,-0.20884728957861756
1406,-0.11202985783906083,-0.7559603263600245,-0.7189638885498014,-0.3671676564420553
1407,-1.1886388539533264,-0.33273314343891236,-0.4004903397656675,0.3341467273084999
1409,-1.3679529682301237,-0.06563967608491339,-0.6922966539631487,-0.10533978991619848
1411,-1.244288597778235,-0.10563633037787545,-1.4257382991410283,-0.4960208504568183
1414,-3.100588326641818,-1.1166093090895723,-2.0995024369761306,-0.9157978184114405
1417,-3.204868188389682,-3.569368713067281,-2.8784470312035952,-3.1818737146606986
1420,-1.4845177745516942,-0.3020217723429376,-1.4669386915833675,0.029453989871294148
1422,0.15904644099929166,-1.7776982487026405,-0.0939730388267551,-1.905498633568806
1423,-2.8236351980733554,-1.6514003927076941,-3.020644292225783,-1.4410539065877248
1424,-3.174357491455062,-0.28670384659988946,-2.3821544281428393,-0.18522832998880656
1425,-1.4898946370751267,-0.24146224795963872,-1.316772196951062,-0.5455495023350431
1426,-1.6654144876732204,-0.567400018318608,-1.6272888841666722,-0.5130116876837326
1427,-0.44154418030481984,0.5902045457584946,-0.44904070171989985,0.8112237117442307
1428,0.24807756432830685,0.061862304197257384,-0.9936196798607315,-0.06678440381437947
1429,-2.435000992354656,-2.2862819053735897,-2.4503665346046883,-2.795212174400278
1431,-0.4329545858742788,-0.5663054532967013,-0.5779139754346895,-0.918723783032026
1434,-1.7238994115620188,-1.9267346069711637,-2.7212082483501967,-1.9021949105598628
1435,-0.03077990067171482,0.03513822269156619,-0.27529651123518634,-0.554507199465727
1436,-0.4648503410950393,-0.010245740659700365,-1.4495181436956313,-0.005207487000172265
1437,-0.9804751372822574,0.6495546355275463,-1.6984915382051846,0.4654933684159391
1438,-0.1605464330423667,-0.36448786743301975,-1.1434789674633872,-0.5322823553426408
1439,-1.332370397374707,1.3301417829461848,-1.7999063409195375,0.9880697714001705
1441,-0.46894343273489136,1.873058236562587,-0.36031226711113007,1.6385149259024656
1442,0.28738647748397556,-1.4998909981894453,-0.4389138869395283,-1.8967450690521153
1443,-0.9453317688596936,-0.16333517511870613,-1.725546759354814,-0.11453495608037695
1444,-0.25610715784078164,-2.8389914577640254,-0.7750552068143018,-2.4753490269075
1445,-1.0945512778263637,1.2908288785937776,-0.7494157505610081,1.5075838767162335
1446,-0.6460412569936921,-0.2499061135346663,-1.3814996853481123,-0.7704202576239276
1448,-0.5839309021955215,-0.9490154875818562,-1.8882238744238358,-0.7340173714980958
1449,-1.7889137245791098,-0.040881748370142634,-1.9478749852637678,-0.30406529446480274
1450,1.2787641202495896,0.6631348705992552,-0.5820724181745377,1.0811730319355082
1451,0.2172944841199662,-0.85071484914196,-0.418460049374731,-0.29591563581280395
1452,-2.164047006561469,-0.8303944263975015,-1.2698133983057132,-1.1140498631942464
1453,0.6450869714915264,-1.5251195936090478,-1.217454437143671,-1.6377369720759423
1454,-1.4343185622632135,1.581317630008589,-0.5466662726110525,1.3884100110576618
1455,-2.361812228301829,0.3261375929336774,-1.803565066577864,-0.18227653647626077
1456,0.6718487146350953,0.4185815188108234,0.3261070708459482,0.4841988678253071
1457,-1.5642505666636586,-0.18997975489936214,-1.4081303341223355,0.12655976289045173
1458,-2.666008425884301,-1.224703826461427,-1.5520496930373022,-2.3440662754932795
1459,-1.982257461936189,0.289005396925387,-1.350741972998103,-0.3367714519851707
1460,-0.06300655980296538,-0.058454435539703725,-0.5264548678819249,-0.280789945132214
1462,-2.50059020139942,-0.9992361060750944,-1.2411076909142047,-0.6836439956771898
1465,-1.368794559143337,0.15816081149701391,-1.4748100445316117,0.33594312282263905
1466,-1.6668412338523573,-1.1614251927381214,-2.127205136246514,-1.5297124489177527
1467,-2.3382286875531273,-0.43297002493768294,-0.882057683097701,-0.23910404519103431
1468,-1.9665394288658937,1.4278006411244375,-3.1795695905774153,0.8220826189644381
1469,-0.5031210180031425,1.6872849260989364,-0.45398367159602315,1.5434293554557934
1471,-1.1837908827035097,0.16605085911462486,-0.9840769195187101,0.27046986634874237
1473,-2.0847079116377563,-1.285020172157411,-2.122619248453454,-1.762713872935451
1474,-2.6778760706285234,-0.17762895305183868,-3.076348157267097,0.5332874512043182
1475,-3.7528514679721297,-0.3907374100987931,-3.6691350480780827,-0.34280244357427986
1476,0.11590627628658456,0.13365715059345518,-0.8543327056479184,0.711935489582867
1477,-1.314742599595585,-0.4962383415178409,-1.3560522782207358,-0.061142831806513954
1478,-1.178331477680171,-2.740350527523328,-0.647258275139288,-2.399811137762966
1479,1.5251663255178278,-1.348715687050763,-0.4238250783560634,-1.058745310285234
1480,0.9912471876888869,-0.3563968576212413,-0.1848674845853635,-0.8744178259731678
1481,-1.4843794264878563,-0.6148099071507067,-2.105463813681413,-0.2672160615955581
1482,0.047390866236933116,-2.572044569063106,1.120047735471911,-1.6895747289421743
1483,-2.784471138738599,0.7556998526324669,-3.3087725369209284,0.5120935088719372
1484,-0.9274609632094599,-0.6066136664213795,-0.9301032392224711,-0.5985453872000637
1485,0.07178982597347505,2.1302099817970497,-0.8646952040925554,1.472290229124522
1486,0.04362143726506196,-0.9621574542628716,-0.8337900343298226,-1.248352075264584
1489,-2.629093130909629,-2.170252442729577,-1.8001349603047665,-1.4775025307623075
1491,0.5903209588432128,-1.0113584574626329,-0.5448913425118582,-0.5553143902479089
1494,0.48505677419977644,-0.017658917437421984,-0.8906709130857811,-0.42057410807203266
1495,-0.4750597740545971,0.6419603997101052,-1.1238927096581663,-0.08511719097740411
1496,-1.0834994658706558,0.4211801160285986,-2.106583906379717,1.2063985888186055
1497,-1.4275966343555022,0.8339494929123928,-0.33362719575693395,0.7044483953661188
1498,0.2691690944255133,0.6790980552987249,-0.5787081016697289,0.5880462781096599
1499,-0.9533208124583394,0.6766856747344546,-0.8744303765427703,0.4976993061781399
1501,-2.587192359154653,-0.54602976864932,-1.5711863721153843,0.22736310126515932
1502,0.0338880038136149,0.6666277585495678,-0.4478249479865455,0.25191065595774076
1503,0.5569661645342563,0.370734743570934,0.012483202611674791,0.38669652910926744
1504,-2.362228608908233,-0.4715590011888183,-1.240935395784896,-1.388747015793808
1505,-0.8095030847136201,-0.07959294082640493,-0.7944060388389717,-0.13438948350276222
1506,-1.2870826445131849,-1.4160030621493531,-1.512696914166503,-0.4667397719875795
1507,0.4616654204403402,2.278255088829992,-0.6090128038852046,1.7094368710637786
1509,0.05587594985599653,1.035025563139791,-0.16149626498199232,1.665301409655268
1510,-1.1256923773491283,-0.2915377860783266,-2.0758725700911214,-0.12950586006442377
1511,-1.318740227814224,0.9519603566085395,-1.2313473478958006,0.3042971722513133
1512,0.669587489517189,0.33722505101043754,0.7544256129170137,0.25118451532350555
1513,2.0429613535720583,1.8208368862658537,1.6012993118236518,1.3209899774675569
1517,-0.4434422314979871,-1.3858538450452604,-1.346611237117636,-0.7557332692812222
1518,-1.9539057745489026,-1.3712054378773009,-2.1699535859310086,-1.2114433726189728
1519,-0.9386180507493685,-3.12905193082723,-0.45495305861474816,-1.3318187484099917
1520,-1.1561623442858022,-1.595531568049298,-0.7394317943186518,-0.687423974856939
1521,0.19269247287401542,-0.5410255197446164,-0.3412779698209249,0.40463195987922507
1522,0.3998680844803863,0.6893408044900032,0.6650674941256728,0.9133316653276405
1523,0.566722393747167,-1.8858099391353789,-0.27926264654993893,-1.7254739469534317
1524,1.0703095803924383,1.1453360802752597,0.6812126813763772,1.1013371698492975
1525,-2.071054286307183,-0.34576056057746113,-2.006869314526686,-0.09161211228743416
1527,0.2538563047833954,0.5172248835296603,-0.10827837682954788,1.0115058849284921
1528,-1.6632614677185669,0.3575195257174535,-0.6075448693282265,0.6313574333163297
1529,-0.1728719120625849,-0.39761355136189314,-0.5433056081613364,0.08020638380426856
1531,1.0307352193562835,-0.30514665721732204,0.22976057625833327,-0.13700815920664414
1532,-0.8193522247301824,1.6753976169732823,0.03132414423943719,1.2861649229653997
1533,-0.008315322345958887,-0.9880536355939241,-0.15122450763454665,-0.07253068615882259
1534,-0.8630234412839642,-0.5627525356106609,0.4098489825790187,0.4285008563180198
1536,-0.02319470056859274,-1.0923402447822774,-0.4626524243910965,-0.7766931175847012
1537,-2.7646080112194085,-1.1113778376171173,-1.8767751010378624,-0.8742705330192458
1538,-0.21936786808201014,-1.569616863206089,-2.021554882971407,-1.540466891241264
1542,1.0624107420637194,1.390930754549,0.4363590382625723,0.5919890102021518
1543,0.14870023245399477,0.7872813825072179,0.694709801239909,0.8366909478263134
1544,-0.6855556631978537,1.530716319579839,-0.16090720943606435,0.6700650725157351
1546,-0.881542350847877,-0.7867444104345422,-0.6991606838473494,-1.166114561652944
1547,-0.7639344797151523,-1.3886967605436036,-0.9640459042020472,-1.3027683685300016
1549,-1.9290040064798903,0.12985121142454498,-0.21107584364261195,0.3804962503598905
1552,0.7301857077052064,0.8926727033290676,0.010070386298800206,1.2322700439904466
1554,-0.10939471211250618,-1.5069914377062608,-0.3993911383398398,-1.175796522005552
1558,0.6080475784971662,1.2233104386981608,0.09545333371925449,0.44866116312530097
1561,-1.8342213266046545,-0.4474197593577388,-1.0554781059458673,-0.3084001077141585
1563,0.7464493062556408,-0.15901796603338997,1.0108987274863555,0.3197957768981463
1564,-0.6418708596037185,-0.6933911957448341,-0.8813079649382854,-0.784887323791473
1565,-2.3970415606381383,0.3840562847266546,-1.3374466239429679,0.3711290467422159
1566,-1.7426047580620274,-0.6128855095174346,-0.616884958173116,0.025865096919905923
1567,0.06770452695241524,-1.3966846087464153,-0.5854244794108153,-1.4109929324362827
1568,-0.6584163563773212,-1.5011324817091094,-0.8446765882028219,-0.7145175551495893
1570,-2.599388690444599,-0.0951447480254422,-1.7470730655685884,-0.2919866900627577
1574,-0.28586774178675267,-0.8732356317618414,-0.9340476107589979,-0.9952481000377801
1578,-1.626682886710208,-2.0976565828309726,-1.5148601589194048,-1.1796312589716285
1579,-2.4398227319046253,-2.446228661821444,-1.2346177472184454,-2.3521720848404404
1580,-0.6104506672253083,0.3608274123018268,-1.6837669653607177,0.21379208242208184
1581,0.008564456623200212,-0.5049702504065716,-0.36562261814466634,-0.21153043943191008
1582,-0.8736474905356604,2.186783085709325,0.9616138323404932,1.928884540495101
1588,-0.14644175091110667,0.6178109825256421,-1.3658586474847954,0.040741709092168586
1589,-1.9115090143345037,-0.054549537958523325,-1.0493751651525742,-0.2851346525144606
1590,-1.135014794401321,-0.47229896055689935,-1.545337305145083,-0.0937700489881034
1591,-2.80736267555202,-1.7173272281454122,-1.2336243725351468,-1.6490472829499638
1592,-0.6823814579528067,1.3135541601328322,-0.7648112775981135,1.6674978980993118
1593,-2.169492243318366,-2.3248397528607176,-2.127755690743499,-2.4753161372346497
1594,-0.0793737813101234,1.6791107719710945,-0.3625135520808712,1.9168095748424132
1596,0.7330779225831583,0.6343629166694212,0.14937972305977248,0.26680435750531284
1597,-0.8160737762907608,-2.670434961756645,-0.39972259024961393,-2.4635567892514953
1599,-0.1646851084327241,1.2772158755207152,-0.9957089844244378,0.8769396140940882
1604,-0.8532800772300212,-2.5126479973835814,-0.10358970471728378,-1.380158646119092
1606,-0.64612010506956,-1.3573288803619685,0.25025139484799946,-1.3342289577074211
1607,-1.0206796081632432,-0.4696246707483552,-0.5037663312665792,-0.44302965354318447
1608,-0.5943208566768223,0.8930659722623524,0.5543461334833732,0.82856891843946
1610,-0.31014071762830153,-0.2398676768421945,0.3601869709629718,0.10129487739575288
1613,-0.9159436152130632,-1.2971472415492922,-0.49353320067498513,-1.1130398128086871
1614,0.22979819481808705,1.1962578063013485,-0.6133628068055447,0.8533678850058124
1615,-0.670579651121179,1.152005972773526,0.6109453611677114,0.8555334287837897
1618,-0.03582626758729954,-0.15555169629968668,0.06701136381280152,0.10566481514795478
1619,0.16604548959079432,1.4480792136431586,0.3264947617867739,1.6744522876715555
1620,-1.1985626723523244,1.4194941985005398,-0.7830033927423596,1.254014518293552
1623,0.44431819035438597,0.8092444013564803,0.35073306004914206,1.0178776284872328
1625,-1.2700193570773728,0.7420019005217607,-0.7498031997280059,0.6709249465741045
1626,-1.4716317918749975,0.6898533632400912,-0.3636154974431152,0.3264953542769576
1627,-1.1044409944822724,0.9001762412381117,-1.7664609307943426,0.6763761139262776
1628,-0.9520329541366006,2.188398038139007,-1.2712132714066915,2.8890159066649717
1630,-0.3545876089121527,2.168570382383966,0.11896338667742017,2.381825907150604
1633,0.49110980755651573,-0.3525889702311132,0.6855825234439031,-0.30952382805471856
1634,-1.336229945891552,-0.5810595198606763,-1.2336240659813138,-0.59705743714106
1635,0.7062617059991408,0.043676485697894785,0.3447946244036711,0.21543986957726316
1636,-3.499764173391628,-0.4700207699930792,-3.3522728652437395,-0.5035820626525587
1638,-1.4327094603130157,-0.5712940784514868,-1.824972845418102,-0.7259208062182911
1639,0.2492143086749244,0.5534761077065173,-0.23363826469200222,0.1883022077806746
1640,-2.12648816161573,-2.025200852604123,-1.417760762694121,-2.6754530404504817
1641,0.4292731381969648,0.1632096259419975,-0.7836337632179371,-0.3012201359154901
1642,0.8625072478360648,-0.09269608080321218,-0.2202917560126717,-0.3520274172181913
1643,-0.7654932067177267,0.7282727668818906,-0.33129607339618994,0.2177185055351938
1644,-1.478802701427895,-0.4353345481481922,-1.2899377851989222,-0.7872442682428441
1645,-1.8410624518020484,-0.00787163059785001,-1.0360848170653807,0.6530915523812046
1646,-2.3249953153859906,1.6363897408524966,-3.301736344440667,1.1022638937166
1647,1.0561302727820505,2.0783151380147644,0.8168599748524453,1.6839315360182263
1649,-1.0853845042810977,2.4892553132405792,-0.7647898754388791,1.256892617972455
1650,-1.9440250180854663,1.0695632506415897,-1.3689651781647687,1.2095291901296645
1651,-4.003925865078716,1.889125220578139,-1.511131034271421,1.443765459459629
1652,-0.5001454355895676,-0.895318342000763,-1.1116898833617816,-0.7364030861058489
1654,-2.2305894776252617,1.803144444148992,-2.6342002543278222,0.6303338402631202
1655,-2.293766792595365,-0.018802750920026843,-1.2249058088193943,-0.021350844454733568
1656,-2.630720212584385,-0.7722661663130447,-2.51610287782521,-0.22269827365867265
1657,-2.283832536218875,0.43819440426817974,-1.6334630726754658,0.8759284505723176
1658,-2.654718385059605,0.0808045230227883,-2.4880349461197993,-0.07606090473196626
1659,-1.0529571377134046,1.8412144412210203,-0.7064986219792395,1.9198691974366462
1660,-0.7932499179356556,0.0026127249652146967,-0.5756846840894415,0.30383298405103776
1661,-0.46631818268892494,0.5633842010382791,-0.8451833348145488,1.3368095693023703
1662,-2.369593767737825,1.4667190905413066,-1.8543305202474951,1.1952765991247698
1663,-0.6035761498599901,1.2706166458885928,-1.5965122216398275,1.347262166750982
1664,-0.2495171748015924,-0.3325002253387014,-0.6796346406971229,0.10588153097553009
1665,1.0554959759837832,1.1044145285083358,0.872290471328143,1.176226542809263
1669,-1.3713564880146945,-0.06751344941517984,-2.5834662852625874,-0.5497947763274491
1670,-1.1518691668229915,0.10266474854949942,-0.9173616033476666,0.12750245903985122
1671,-1.812699615672853,0.40261056791487904,-1.4476125561893471,0.47853779402884994
1673,-2.51874101290748,-1.7727163188900978,-2.2013164740791757,-1.5535044943156957
1674,-2.32502693699803,1.435943889206297,-1.1940222097777022,0.8876111222604541
1675,-1.8457621216999875,-1.6221675437074294,-2.6551475253641486,-1.9007878831260088
1676,-0.8848431791161337,0.848024370214025,-1.2685467978213567,0.013745276700060701
1677,-2.050213685719598,-2.0591517569237214,-2.053636462538856,-1.747163342864426
1680,0.5653167255779177,0.7697418673727048,-0.04527072723776868,0.6253954499487668
1681,-1.2339346005421978,0.9201051328324724,-1.1877627805115314,0.9083436046840444
1682,-1.6558172217926896,1.179309670226966,-1.6935439474495608,1.3612020070909878
1683,-2.0258658520736033,-0.6605029160357736,-1.669208888856952,-0.627004537719047
1684,0.588562316071087,0.19336356363221258,0.1362740569641227,0.12915750502561318
1685,-1.458447939468091,2.9249471036732904,-1.537431418667509,1.5671512310955458
1686,-2.136649792666839,1.0586838965300998,-0.6806070254032295,0.5907116681730683
1687,-1.418148093262001,0.6050408135025581,-1.2130623847555293,-0.4877760562225607
1690,-1.597154765514689,0.04272354778318111,-0.9460338408657266,0.09368622988471592
1692,0.6269442878381272,-0.35087959770182764,0.7358813726164112,-0.4809267907381685
1693,-2.874489175267965,1.3387081440145003,-2.427769417355682,0.5831939845155635
1694,-2.611250328421804,-1.4938329670764245,-1.8890519334022136,-1.788529438208198
1695,-2.4935555159880174,-0.6345966386146601,-2.941860725122856,-0.5941191273338235
1697,-0.8863095337511426,0.17404044799972324,-1.6662550309624535,-0.11045192242678914
1698,-0.10627246519137577,-1.291771145929496,-0.19709304386011853,-1.507337818838989
1701,-2.9035415132373106,-0.791514567479729,-2.6099592284699997,-0.9189623730148881
1702,-1.0685040508307457,-0.41938810219306466,-1.3931722471595782,-0.4004225629442538
1703,-0.6178977401144168,0.5150291466315716,-1.8175349571155701,0.004693676342111805
1704,-2.748259143306916,1.124420473128107,-1.7990307309766866,1.0016194561449423
1705,-0.2648133793082834,-0.9586137569454312,-0.6498522756200363,-0.6789036142230425
1707,-1.127962904852592,1.6214432454075336,-1.6236667316739108,1.5156230663947914
1708,-0.7575820602925127,-0.5631767232776401,-1.1780062351131784,0.008641497439614353
1709,0.043911178075617174,0.8266532104732192,-0.9070708915248115,0.17985900667603083
1710,-0.42269092189609087,0.949635961845675,-0.16059022713792875,0.5609612461803941
1711,-0.979226523258272,1.4594878951823183,-1.749165431400324,1.727836949617932
1712,0.2153787882617488,-0.1734018607547024,-0.05413969738371081,-0.3608943914311975
1713,-0.8767782400216391,1.0220553740170812,-0.21229688738986388,1.2351046298542683
1715,-1.8243445959857347,0.5331417288801699,-0.9603415479879903,0.879516857573706
1717,-2.2447614050198985,0.7188090115965132,-2.996404529310193,0.49821836937937763
1719,-1.9749311534550624,-0.3938570339348105,-0.6183938230348778,-0.8602432562278861
1720,-1.4098477849994064,-1.0775850667690567,-0.9874890160989833,-0.4915059434353561
1721,1.2811610179079014,0.45421570642326903,-0.40104089327408193,0.3652603191432678
1722,0.3987946345192237,0.7642602467618053,-0.013472735894436991,0.22327627898416758
1724,-0.65837086812088,-0.750943531065897,-1.607078174870475,-0.5202339753593943
1725,-1.4965177123359772,-0.6170902112005909,-0.9844702488600962,-1.0628603569843942
1727,-1.0191856938726676,-0.24121831314175146,-1.6951975516921518,0.17561972001003184
1728,-3.334580557970181,-0.7677609420410756,-1.4017939784520468,-0.5731436388627004
1729,1.739948249370446,-0.8885861925155438,-0.08829570903217085,-1.2002615180475267
1730,0.1687940829972956,-0.9248788174647052,-0.7547473943074522,-0.657328294561547
1731,-0.9125012783765791,1.323356338380989,-1.175919071147586,1.8867236554506315
1733,0.49966723422306564,0.32389740976530024,-0.31835865433537597,-0.018152480575957527
1734,0.30378178586908344,0.9159301213869679,0.11114439819978261,0.864408480301917
1735,-1.7469630100584075,0.033214761944451915,-1.3679257280184758,-0.16437832938464303
1736,-0.4027965849137224,0.18820324224997712,-0.7397527319900647,0.3885418951518644
1737,-1.7287269050843026,0.28517655753322,-1.5462786814926401,-0.020305123743125125
1739,-1.448248211744719,-1.5756083686693931,-2.097309111754955,-1.0344010620805821
1740,1.2217654157816762,-0.47751212893315387,-0.26507358252169094,-0.13557076517576347
1742,0.7627338904033836,-0.05678962544880384,-0.3771497823963883,0.14663831045537826
1745,0.2530505338082688,1.0296927877969242,-0.6330987078108831,0.4517733417632568
1746,-1.7388498956778606,0.7481234929319052,-2.262859040106387,0.05630789481867498
1748,-2.4779972643964405,0.1867682175438225,-3.054058742729114,0.281239969127229
1750,-1.068190567695161,0.8179546307653884,-1.9338942720501662,0.4447938694732957
1751,-1.0670895515425243,-0.781968559689918,-1.2421631123445795,-0.904016208873291
1752,0.0860426240074531,1.9294353335412913,-0.6179385902642724,1.5863050225701765
1753,0.06436327053290458,-1.0205064482143715,-0.017586833368549996,-0.8614021749004614
1754,-0.021344571637862964,-0.15830607394120344,-0.276916499278316,0.8241718088957474
1755,-0.38160180323002535,0.3394277487273569,-0.06536481851782412,0.8707639321413319
1758,-3.312100861666435,-2.653116100411516,-3.07799588161894,-2.3607821047951774
1759,-1.6299872723130548,-0.05977085316245928,-0.7434612655691452,0.3433430080583701
1760,-3.6449594924726014,-0.884398032865518,-2.7655980987910813,-1.4756407167278343
1761,0.12788347937762162,-1.7444835014018467,-0.33607010942022864,-0.6923405375059499
1762,-1.2646908732737727,-1.741184854418296,-2.936283873979025,-1.2745622749557863
1763,-0.06743388420241532,1.1858325515923673,0.114830780495198,1.3702058578944696
1764,2.1432857010417035,0.39536332352927817,0.28781520387815923,1.5752852302881402
1765,-0.8471294753418189,1.881483814582626,-0.2355702493161871,1.3030497191632662
1766,-1.60405977749495,-0.7511909232434701,-2.0207918784822185,-0.4797061898945807
1767,-1.5584956955170037,1.0873655772865982,-1.4373291676553943,0.6068503054040293
1769,-2.12464970990429,0.21189764449962756,-1.1026589825827708,0.6970431285366414
1771,-0.44519327804177333,0.7582017295592236,-1.4939466969693889,0.6337276732579914
1773,-0.6440307875610464,0.23130427592090352,-1.1545551741544586,1.172632046471475
1774,-0.8230008865314508,-0.3046475762615025,-1.6901747360892672,-0.5016959056649853
1775,-3.869012996018432,2.028391893824705,-2.3658123363480974,1.370379524611371
1776,-2.9947792926330945,-1.4292510879013405,-2.3289588856712626,-1.4067216488398981
1777,-3.305669284634072,-0.11970921547554603,-2.0454790086338965,0.29644967475284417
1778,0.7547671095922985,-0.4188998907430238,-1.1350444673878677,-0.7753063942311054
1779,-1.364646118952308,-0.41096105400693195,-2.3379544119585747,0.5185214286648425
1783,-1.7282235144745717,0.2811680875912489,-2.78586340706761,0.7642799316887059
1784,0.35965912514177767,0.26321021621501695,-0.05221833036622944,0.20975360448244884
1785,-1.9182891972569893,-0.5065809429298833,-0.7080920133751578,0.16739520448212808
1786,-2.975987203815465,-0.3998506075113525,-0.4430675235920595,-0.4406094924398604
1787,-3.4331976809973055,0.8315083073766959,-1.5808986839536834,0.7827525085790774
1788,-2.106257954661616,-0.634862248221276,-2.838249645354615,-1.8176141325049473
1789,-0.6676112478414609,1.3498878916771078,-2.055759274800285,1.3306870368151347
1790,-1.9673925368296798,0.21759066782032832,-2.672864040089735,-0.9850056641685387
1791,-0.051447407456120836,1.9502877100561813,0.07813414298270555,1.5825557507542969
1793,-3.032990366925149,0.5004914610706614,-2.773786709112496,0.2722954090576658
1795,-0.32250250565578453,-0.7745945737617487,-0.1223684794285078,-0.6776332617370779
1797,-2.0829054963703166,2.7848561105675684,-0.5693582026962977,1.7902298029264483
1798,-0.5464676479503306,-0.9169873695854814,-0.11659037411731428,-0.7442045011347059
1799,1.2002734569377114,0.15497333161735194,0.5168752885148485,0.4544159439007727
1800,-0.9532545886397539,0.22032840391560832,-1.4730773576390654,0.39127915964361626
1801,-0.9601006889845279,0.6808543120701145,-0.934583872875157,0.8625157741763729
1802,-3.011323818534681,-0.7076790505810546,-2.9336334084414717,-0.6257703436755926
1803,-0.7568667229590852,-0.6054172594228248,-1.0668390857845556,-0.37640293025950067
1804,-3.169070286568592,0.31123963457090353,-2.9804125094018428,0.5515210364814992
1805,-1.5447920135540283,0.9518968595012225,-2.360826175135325,0.7086542790236435
1806,-1.2551688524027977,-0.08649299778062325,-2.2719515981593954,-0.042722193851041874
1807,-2.29713447557583,-0.4766984294147719,-2.3961041257581726,-0.5696029942498854
1808,-1.6584701613469028,1.727733807366505,-2.016101488970146,0.9141927226190742
1810,0.2650923944821013,-0.559300399842487,-1.286154213707317,-0.45563865330905484
1811,-1.4281470516241428,-0.09383092529639081,-1.6337701640250755,-0.3029110493589611
1814,-0.2839779568602754,-0.24936592697112941,-1.4926752046291418,-0.2869721324378027
1815,-3.010940563939972,-2.186652692168492,-1.8871051333101898,-1.7831862940944285
1818,-2.3674190074032926,-0.50216855498121,-2.4577934839508115,-0.8943471509366859
1819,-0.4124147159439094,-0.2500052196776628,-0.8877473618419192,-0.6171314987853475
1820,-3.706060136154803,-0.17322408702083236,-2.4720436914062973,-0.918937344975541
1821,-0.5935604141067721,-1.2863174170237617,-0.6681462228000081,-0.18864126178127522
1823,-2.68960464305978,-0.010271873271331833,-2.5539751957403145,-0.6139287734475354
1824,-1.613478519262703,0.2709181239187282,-2.465210549629327,0.23406744685719402
1825,-2.888626095744335,-1.8324112456534063,-3.1977603166571273,-1.7496723101303755
1826,-0.38842307797012865,-0.6122413097551668,-0.7679186592353587,-0.7248493702199874
1827,-1.5235267062152782,1.707712146111103,-2.2604260411705224,0.7359092604222012
1828,-3.1252151175690153,-1.5820927986054927,-2.1171889863322493,-2.2484488073875357
1829,-2.3100373390259388,0.6826565115110036,-2.50962931921882,0.7434759410188921
1831,-1.4990231770110105,-1.4552230812083113,-1.0254607448222082,-1.6198712739511196
1832,-2.2700340481170382,1.3997248085470146,-2.5225697313550897,0.9815908592507401
1833,-3.937051185224197,-0.25137829798003614,-2.7355508439135514,-0.15204778022061544
1836,2.076138060023703,0.762352388394768,1.4898063157544483,0.5147185542376626
1837,0.017700121453820383,0.8789769718341496,0.5740408310484311,0.11151917456155218
1838,-0.45257925096133933,1.3305898134642906,0.7307724328113778,0.8989500876420117
1839,-1.180068001352934,0.15515540898453342,0.12673075357022645,0.27896863846778164
1843,0.2629212227145992,0.21574178895720808,0.22420647729827356,1.0229439286739737
1844,-1.1999362742470339,0.37687460044615917,-0.538649696960508,0.5960862399686574
1845,-0.5289272918175867,0.859098760003897,-1.1613547237463804,-0.11720463065758857
1847,-0.817279356441599,0.10459402720131482,-1.0288348552516267,-0.040908492928698206
1848,0.7080363307356536,-0.987716866536974,0.8595846771794835,-0.7218372093845424
1849,-2.1229860444211752,0.2767553963452219,-1.2269656767962092,0.17415440854681555
1850,-1.3908303411568887,-0.02745134221983106,-1.9649846263148831,-0.16595599299475902
1851,-0.36652165446196483,1.0884181187414625,-0.5569342527673519,0.7982287668170958
1853,-3.657823723763045,0.023919372803919918,-1.9965506388414678,-0.047898190601640654
1854,-0.3854025269360005,-1.1115040035568708,-0.3759126322949805,-1.0929972453691201
1855,-0.39667881661940063,-0.26392993085985506,-0.2739530375136132,0.3854760611882473
1856,0.9780608856745661,-0.9033906811695188,0.5586444054955702,-0.06632801060695158
1857,-3.353879284941902,-1.2328054226747724,-3.498458929547372,-1.6585205284757716
1858,-0.13234761447490512,1.7230403606710936,-0.13191355826694745,0.3814294949024978
1861,-2.649806172159289,-0.46723732571203813,-2.3977769570164575,-0.16691121572015963
1862,-0.5705210657746611,-0.08157079385824115,-0.4869537980534494,-0.028102562926431162
1863,-1.449137806054043,-1.1243717469145336,-2.623640390224999,-0.9402360324057079
1864,-1.3981585034078383,-1.2351190000481571,-1.346630445842434,-1.533468407302551
1865,-3.3127261441636673,0.056894745384876766,-3.5469706396006595,-0.326508078195921
1866,-3.8407117975371086,-1.1379155253801663,-2.42945860996572,-1.0905277930452923
1868,-1.1243440505222968,0.8047897203186002,-1.758729389869238,0.5163931213314457
1870,-1.6154537041157204,-0.2549781943934529,-1.7399136700624003,-0.1512897235829548
1871,-3.121376247987397,-1.6257583613026152,-3.219405275798243,-1.5085536071114354
1872,-2.6832723166729853,-1.1276818880703485,-1.9590574621109857,-0.9289585398432336
1874,-3.530961129671332,0.12561986536519584,-2.629847301186081,0.21202035868277433
1875,-1.8483266493712476,-0.10430279973751017,-2.0167931190991917,-0.5862376465190212
1876,-3.7154562174288452,0.10405113909526148,-2.37621477005838,0.40228194989788985
1878,-1.7323511385903527,-1.2576121666429205,-1.7325289191424467,-1.122328606868684
1879,-1.3736591796293622,0.09438164420875111,-0.2507769936399044,0.15315413568816208
1880,-1.7697570414299317,-0.4025315318873104,-2.3765602771738004,-0.45541707793796826
1881,-1.3478646506648186,0.8964014928712553,-1.6333458122957472,0.9147841010464436
1883,-2.1119029886872287,-0.15792353238780887,-2.189772544617813,-0.7955771353918202
1884,-2.921350295338348,-1.7802124391538752,-2.415902635153431,-1.686477355802942
1886,-0.9651584729736096,-2.1614962294782583,-0.9342486010644567,-1.8056550473430684
1888,-2.120604016641991,1.1424843493970338,-0.9244747547183815,1.0448062952839607
1889,-2.8137186622602486,-1.0724888725272077,-2.818765347445628,-0.8334414159114163
1890,-2.5016617232809857,0.24643524862658606,-1.8902346408260402,-0.04690554305970336
1891,-3.632511385773932,-0.12539387073990294,-2.2204401880733915,0.12376287557390428
1893,-1.274784950973021,-0.8607556255618131,-2.211369709803942,-0.7919926194299183
1897,-2.685576542509048,-0.16677906119482716,-1.8293026497581895,0.08253883177422493
1898,-3.0939323261194005,-1.2596090567908216,-2.0797452988340033,-1.0700931666780702
1899,-2.0196787464419317,-2.760511053398628,-1.6099657341780085,-2.168060319265811
1902,-1.2541189211071218,-0.21691063355815443,-1.1903090936327132,-0.47514408027357075
1903,-0.06446633835673277,-0.3787207544949309,-1.100340964193251,0.17908427730583465
1904,-0.5926654750120238,2.419914528571676,-1.4478020461398855,1.9763862864180926
1907,-0.9082345743886694,0.22377442615744458,-0.014166318789842293,-0.256733706649797
1908,-1.4586863086744344,0.23139212951805976,-0.3692726190307604,0.3260208402068163
1910,-1.1335604615655273,-0.33563218226358,-1.3455139339903002,0.0862423197337563
1912,-0.3111400221247018,0.03332006850744651,-0.4379462843232354,0.7005908048242196
1914,-1.9030663377684838,-0.863860605631208,-0.35561132038100646,-0.7547764358922603
1915,-0.3905593170750743,-1.799044063516511,-0.7092560443418255,-1.2920114797901427
1916,0.8981782834390202,-0.05590288148606688,0.1107760198881426,-0.014572637569038076
1917,0.6806202730455713,0.9254918430564048,0.5445350351400624,0.8960679809657025
1918,1.3637280363870974,0.9130626740646419,0.3073433046067332,0.5588428923741949
1919,0.8082382065341804,1.3185980570447546,0.6159275400637768,1.0825341260855599
1920,-1.8754629973747168,-0.39416254185102123,-1.2863849604619633,-0.35648178069702796
1923,-1.2566670589939037,-2.1852950160110143,-1.5489439571604116,-1.685514615767987
1927,0.5226924351879849,0.4106110617214806,-0.9606575130887054,-0.012178060812232978
1928,-0.6714101621882266,0.44264870719418536,0.23443851546825367,0.9989195743615764
1929,-1.8248981356059526,0.4787058221602857,-1.5068891217691074,0.17775704192593353
1930,0.019983376425361576,-1.331776141960658,0.27020973096844986,-1.1029344879973217
1931,-0.6292344955463793,0.7849130291812464,-0.716065348929942,0.1736553479353117
1933,-0.4766623501391289,0.8095211985970061,-0.6129127901295914,0.3539761216811368
1934,0.5257450841595082,0.04278953357808013,-0.40173565859799903,-0.3532166405744187
1935,-2.512378857447681,-0.22398398316460932,-2.1414929476699,-0.7915088600175383
1936,-0.09442008967832255,1.3558191559021342,0.3134274152133074,0.9132177038171361
1937,-1.590660105312886,1.8289405400896692,-1.4594774930814045,1.4885278870254324
1941,0.009459776395465025,0.6050289488839943,-0.3098815088353066,0.7088867770636169
1942,-0.45227686451825033,1.8217179968835306,0.3213510032438667,1.1126127969019477
1945,-1.2716848407542571,-0.2995048637215976,-1.3890752185046351,-0.30038271284116913
1946,-1.5284749156237942,-1.0623546288179304,-0.6292339693071833,-0.9562475849451401
1949,-1.6350003133335311,0.39863495106422864,-1.2341887759018892,0.11814603557357088
1952,-0.20497760187732125,0.35973834618074263,0.00018084504876282142,0.7109054287332393
1953,-1.6270125153521764,-2.1356404824635984,-1.1342370344295558,-1.2336290709473707
1957,-0.4876862213089045,-2.1759049159995802,-0.25576729238326573,-1.5181217306266956
1958,1.4283177066515864,-0.2825146115388937,-0.8875706322447857,-0.321956748784072
1959,-0.8196375654252805,-1.9580551962576482,-1.5968032105413315,-1.0182342026642868
1960,-1.055520409375029,-0.9811962654360703,-0.46099623765819947,-1.396306800335729
1961,-3.7245322562260736,-0.14465246482464217,-3.212114208661212,0.36002746961505755
1963,0.4204571392725729,0.7650258158950186,-0.44761374823223066,0.6201234227729459
1964,-0.9402218363243646,-1.3043418179314685,-1.2319373908112905,-0.5357510278269522
1965,0.06098930026767736,-0.4926012201930344,0.10381409535312397,-0.8448443982372299
1968,0.06112720905256208,0.6838352577013135,-0.5029272164689405,0.684021520437623
1971,-1.1497278294339874,-2.242184410368659,-0.4814936688182654,-1.409452295685874
1972,0.2139353055139706,-0.7557643270657147,0.06967322315775903,-1.0305215940831778
1973,-0.6805853063742648,-0.21790377355120819,0.2116386695109656,0.20514240156447697
1974,-3.299703925409144,-2.752465225120611,-3.880424522862715,-2.480747426132348
1976,-3.0106270374170117,-1.64537522869219,-2.920337906958043,-2.287532136270154
1977,-2.076664404366362,0.5149692147577375,-0.9270465164428162,0.7348355389249865
1978,-2.7732710081011254,-2.110974181615978,-2.339927146827558,-1.845799073795919
1979,1.2806810326079017,0.656161353110358,1.2428295480498288,0.7880766798377502
1980,-2.3359952255819487,-2.9043295008560643,-2.048983383635614,-2.253706286081223
1981,-2.3026777480179703,-0.12095506140418771,-1.7645284994920785,0.3030070244147025
1982,-1.8912965840141538,-0.44579082483173754,-1.4317354228272592,-0.7575350799578614
1984,0.6266686081910383,-0.5932175356756533,-0.9867518231238172,-0.015194917205296293
1988,-1.2288721865396268,0.3086897856368066,0.6662739010753067,0.6893405642594983
1989,2.2434112342302095,0.3399380930399849,1.3015575206396335,0.7292838846736006
1990,-0.7851295276562189,0.32099424206012905,-0.8865661886893891,0.31882792686367434
1992,-2.4880046660111286,-1.2181361548650906,-1.2954019047772511,-0.9629080586197214
1993,-2.869248702611847,-0.31227892514621663,-1.916550861415661,0.07109255745616416
1995,-2.8922509534002003,0.08536225724332291,-2.256367658445832,-0.5241097585429243
1996,-0.667009014394422,0.9056035968319509,-1.0561740721192305,0.4460834124013288
1999,-0.2652439276192775,1.628398050614512,-1.04367695510315,1.2282508638048697
2000,-1.5575679078093152,-0.6502002617716023,-0.9053838590963199,-0.13801751911723387
2001,0.7624649940756725,-1.4090399806441898,0.9348226881949044,-0.6100494314173756
2003,-0.9934507616491715,0.7131681097371206,-1.0477151724108626,1.2138366811249333
2004,-1.9861691797641696,0.0222979631913644,-2.451717762001346,-0.3180302215368624
2005,0.5345050596041496,0.5809553492098054,0.34101179903883294,0.4315254166051804
2007,1.4199639187008988,0.4368272318739209,0.003982748298102696,0.2302772508180342
2009,-0.5312263539198556,-0.4370298334899263,-0.9030924659843829,0.30123373788298513
2010,-0.9577109137188251,-1.0113953731220153,0.22699046698518371,-1.039896973012074
2011,-1.0890426252889878,0.044740566390147896,-1.155641217430186,-0.26968471861175763
2013,-1.4514799531132736,-0.7909428913637307,-1.121214955263834,-0.9283789473914916
2014,-2.5769869629901057,-2.2450979211207733,-2.2531535676846595,-1.678835432232263
2015,0.061363110956502376,-1.3913900905838266,-0.7799617726915572,-0.3278939834535085
2016,1.598316621795075,-0.30150319991319074,1.9314432255738172,0.5117106819188657
2017,-1.0975465250167582,-1.1885831710952,0.004378136442501268,-0.8885380772905128
2018,1.1724750310276508,0.14329574209414242,-0.3035376452860057,0.5908502951316146
2019,-1.6346320115924873,-0.7154677425258759,-1.8849739040742708,0.4786205285179127
2020,1.8895206511304168,2.0961991399328204,1.7645306837281574,2.2337769708311224
2022,-0.48679186181868883,0.07782106364884411,-2.084412532661982,1.1579906645331517
2023,-0.07672504984464923,1.5660463204214699,0.7116959118182901,1.909849508236354
2024,-2.1275016328085776,-1.497296701415509,-2.3910194190550924,-0.4048653575965157
2025,0.7159900779983541,0.24396141569409918,-0.24946200810707472,0.29369026511988966
2026,-0.7668033473120668,0.5626553932822327,-0.5377614212909069,0.10733229798847904
2027,2.272156616982188,0.42945136547321616,1.4960008965123888,-0.26310315350208413
2029,-0.5416423511819682,-0.4869085645085127,0.25433122845491496,0.07157771013518069
2030,-0.7412039911917774,0.12774356486239258,-1.5235738517427864,-0.7035032616304893
2031,-0.2613030929530862,0.4614639640296988,0.011006446521730584,1.1833265855345299
2032,-2.3229155622408917,-0.14359341285724425,-3.1570946888870717,-0.24143461769170724
2033,-0.86633394224494,-0.3624234209795087,-0.2504340151569172,0.2252814421189669
2036,-1.620768208680302,1.0451528429227115,-1.0499032215921875,1.0626954573889895
2037,0.5042942779078161,0.9407496010861739,0.33783090762074885,0.9098940233357407
2038,0.3447333312522644,0.29760765859397265,-0.11868521354134999,0.7662334220571353
2039,-2.9842045247713536,-0.8475474681201345,-2.0631358501781514,-0.46697701481154347
2040,-0.014120813809379018,0.9263893823192779,-0.4705287658280542,0.4633208120304271
2041,-0.9253293398292326,-0.16031912629150596,-0.6440846165459664,0.44900510121964726
2044,-0.7386103628994483,-1.26108209865493,-1.358796701143677,-1.112056978175691
2046,-1.0992245113746666,1.5968652707077213,-1.5628224328013618,2.000825482623188
2048,-3.0101804053875956,-0.5781049443760178,-1.782865298565131,0.09519698373357953
2050,-0.7857859330369803,0.2044429966051901,-1.8505831880806136,0.3511095417680729
2053,-2.720970624367503,-2.0408135951587347,-3.3358565524008204,-1.7205512945631511
2055,0.3410440923836726,-0.1923100277992664,0.3964821889131927,-0.005163105119406223
2056,-2.091117424253575,-0.8652122061817832,-1.4814312109584238,-0.8837670142499345
2057,-1.8966003152378492,-1.1126244220371413,-2.268766565591948,-0.6969971446591726
2058,-0.5787668425422849,-0.42475637836683383,-0.5269543273621338,-0.2875222629806551
2060,0.1638724230043841,-0.05391829823259525,-0.6048687883356985,0.09326842791160736
2061,0.06855543207840742,-0.6437719052069044,-0.7688646639448846,-0.26808737772751046
2064,-1.2492524945559667,0.3961471088248951,-1.7811091899740983,0.14980924143575955
2065,-0.4796076507181426,-1.082013619575418,-0.45771265130354793,0.44773188202192704
2066,-2.604148444024653,0.18562438695266334,-2.5863758280071174,-0.22057931696479563
2067,-2.6203191322186377,-1.4312191656398048,-2.176987450169909,-1.5554721848944542
2069,-1.2835613576871145,-1.7915804519216771,-0.3784574215409882,-1.8828689121202162
2071,0.5891397040657831,-2.056842360104137,-1.1855496769412797,-1.598165569373742
2072,-2.2492877154681676,-1.0933446691124258,-2.5767527870828077,-0.9282439123285516
2073,-1.9026217815907707,-2.2969271418008024,-1.0097503834648967,-1.8383830615541126
2074,-0.7658691654358828,-1.5541823790255267,-1.2065536472755922,-1.3289555818729073
2076,-3.1360195279046224,0.8545674641138338,-2.247081411904908,0.13438471792961482
2077,-0.8443397007293447,-0.0007256891512534835,0.009485443650982486,-0.24970306449859084
2078,0.24397212392700218,-0.08915766432598182,-0.7542665493760141,0.8169289044580501
2079,-1.2115369438078836,1.294588966605811,-0.0043253257340922936,0.4187624020464895
2080,-2.22085610669142,-0.10561806625558268,-2.801372749732243,0.15906371570181116
2081,-0.8487608190896521,0.6635160412352938,-0.6702496674977406,-0.009663585834273826
2083,-1.5443394308212026,0.9757750506010809,-1.1385794798182491,0.5804306469801197
2085,0.10916815126619328,-1.1339434125777523,-0.8617569123733422,-0.7092593957662807
2086,-0.5519190430647026,-0.5207027832771419,-0.4414883523320073,-0.8790833246183689
2087,-0.4356652966324689,-0.1666760149499914,-0.9776300672547373,-0.5489764265190153
2088,-1.6577748815616637,-0.882793580261198,-1.6596707239384954,-0.9978514450166485
2090,-1.9445621033751763,0.35474444277486405,-0.8911420138737067,-0.09232447251076863
2091,-2.090808828052686,1.169415549804961,-1.0220789263727668,1.2361304331674443
2092,0.04033754202028156,2.177070801687498,0.0535885749434271,2.16306662645228
2094,-0.8160688532380237,-0.3735076106295388,-0.8048428720039464,-0.7196921077446091
2095,-0.0179963303410359,1.0858613556420034,-0.15770052764171008,0.802854173869863
2099,0.09563040686903945,0.8546833361468453,-0.5470879407040108,1.3805727611468164
2101,-3.0274540554001286,-0.815502118927429,-0.9019904890067385,-1.1681594116553498
2102,-2.3380496616136694,-1.7520462532525058,-1.6836107884392906,-1.5999368326489207
2103,0.5822728457567747,-1.4249773881732235,0.3242450821023043,-0.7281971078833482
2105,-1.0772125586389216,0.4034588647892883,-0.23292280809914442,0.2885088882590105
2106,-0.11172596459664455,0.2377120237288471,-0.27737574840905294,-0.4861673598112575
2107,0.7443318485029654,-0.5801309412151248,-0.7085156523486728,-1.0418863842987458
2108,-1.6755260624954114,-0.7806736656803082,-1.4922408346547005,-0.4675317295004787
2109,-0.27522074605024505,0.21995339082527843,-1.0337412801190065,-0.7200845483771674
2110,-0.43881433447819357,0.18026127631151218,-0.7279712479682467,0.3717010269262181
2112,-0.7549597648834192,0.5051481380643323,-1.1152858945400372,0.17408591432897494
2113,1.4137386507930985,-0.09409518311095555,0.3105366829635882,-1.3694097067525468
2114,-0.5735110919818345,0.9915969282151726,-1.0478675268623485,1.0427040230201146
2115,0.6714820529868382,1.311792688064818,0.47982086311407635,1.0806437953469976
2116,-0.8899862190351868,-0.21294473743282538,-0.593402748702558,0.3514344574766435
2117,-1.0027510387009113,0.7457812530094023,-0.38909799691324987,-0.2392710630106912
2120,-0.6845872706745223,0.3250496915505887,-1.1987481887248292,0.6857267155575948
2121,0.09652007939737678,1.389418514482974,0.43510091449288424,1.7335101072368104
2122,-2.3051679545175516,0.4967870018419399,-1.905160631783359,0.37894206120961876
2123,-0.12592702291506952,-0.29880143448026647,-0.8927817192353164,-0.5489828290664169
2124,-0.35470443980793276,-0.37073236259992776,-0.9619614160352619,-0.2942968886411834
2125,0.613242873432347,0.4814245993954447,0.36906095788131027,-0.21795496005868986
2126,-2.2389775899442843,1.9592818366401352,-0.30841402736513523,1.3245732120877298
2127,-1.1268443878256846,1.0803231696583948,-0.30097633491367537,1.5664182163707023
2128,0.62013513176964,2.7960759724916517,0.4792492388572013,2.3786753239938223
2130,-0.27386061603758305,1.701579729884908,-0.3003794153656282,1.6908109999348382
2131,-2.2354090476315,-0.12132192947363274,-0.9956688703139563,0.7363666031017071
2132,-2.4927358160770785,0.14072194232755617,-1.4879224856468531,-0.1609399679874938
2133,-1.9440431216944412,1.2372858132714368,-0.9375321408967865,1.5270619420497373
2135,0.11360135958481121,-0.5092043615585816,-0.8663157129027981,-0.4137223712391322
2136,-0.710230638489973,0.5366714441711211,-1.0184580060984145,0.42760650334502864
2137,-0.9690438314253097,0.503851105223198,-1.1734062685010889,0.795087556870363
2139,-3.074074353569447,2.5082444409546447,-1.4828368858261427,1.7290561481757627
2140,-1.093006139269097,-0.1735207203234119,-0.13328570648871274,-0.02100987535791705
2141,0.006212503054295659,-0.37708327042196665,-0.5378115602126065,-1.0111213987236805
2142,1.753757091861171,0.9561789681299513,0.3287265057898564,0.5638786047825224
2143,0.08523080457303034,1.437596853924864,1.1258574351748718,1.4971040550121704
2145,-1.2452432237841808,0.7828785734099553,-0.0967786307925628,0.8182346495756802
2147,-0.7413665053113281,0.2730611254437424,0.4101456326845008,0.3058462391108438
2148,0.14640471137368105,-1.0341812813923597,-0.3883326520092054,-0.2570742072581895
2149,0.19129175350356364,2.914524822496916,0.9997538796538831,1.761726901312666
2150,-1.4999119960338383,-1.0461073830618937,-0.9968964291946449,-0.9673530315655893
2151,-0.7249024194984457,1.831817675678664,0.19670080734251447,1.6077279168900585
2152,-0.2628750117078918,0.9906411949962766,-0.6321043353645625,0.5415176836659198
2153,-1.2888330687499419,1.1999927929956637,-1.2065084620689077,1.1724777650705511
2154,-0.1265195559953477,1.4880070496436895,-0.45544740950214735,1.3162494771416235
2155,-0.1428323270457828,1.7896817490838246,-0.32619247628049525,1.8708916596980851
2156,-1.913898836232955,1.8487481030229718,-1.2830180940190061,1.0349105359017123
2157,-1.4175962296535816,0.18700733555911742,-2.0485474799453236,0.13109349402552672
2159,-2.4664869068298185,-1.030756497624159,-2.381200901774773,-0.388958417670937
2160,0.7261076601328152,2.732901627026849,0.23162069431758053,2.0609242521680304
2161,0.35870273243733514,0.9378326428604328,0.15017114255308578,0.1410385515626721
2162,-1.3222371237194692,0.4116991414438471,-1.6237862879698906,0.5717285717104144
2163,0.7860215476364685,0.06668910535681194,1.5753209711198333,0.00789818961858971
2164,-0.8178073731556238,-0.24468182323104165,-0.8594724499240144,0.25056797705368333
2165,-1.2735193522413233,2.005215467035675,0.2668220148211055,1.3864283071348347
2166,-0.7785858762626471,0.14108996636826135,-0.6950197959877201,0.12653408550377823
2167,-2.277051149848357,0.3185105138687294,-2.005628877279626,0.64283314924887
2168,-1.3428487235535922,0.24784025674825644,-1.3113216165088861,0.0486139783384255
2171,-1.785773791537182,1.6640001527567485,-1.6407271509049264,1.8820814218910171
2172,1.715346242176896,0.2993491277595184,-0.026716685747501107,-0.08060289419716588
2179,-2.7280028472704285,-0.267908478701012,-2.3558647918226967,-0.4640815102643299
2181,-1.410181013755095,0.48306423753851274,-1.2272297667080179,0.898101889773783
2182,-1.910030765814437,-1.0627107535260965,-1.4176001783780328,-1.3300035731282458
2183,0.02477236023456819,0.4340796116860192,-1.5937408162906925,0.4625113684273515
2184,-1.9676856879934193,-1.1915320729251084,-1.6638090581884462,-1.0758362293139008
2185,-0.4125577547513511,-0.9848580382140966,-0.8341088306194026,-0.691616321807311
2186,0.70491813470269,-1.0967800993632115,0.10009015436385225,-0.8172320631921414
2187,-2.7992733570874275,-0.869473840231735,-2.0801521815202086,-0.596953846823938
2191,-0.5557791589014777,-0.35387611177516287,-1.338472205021947,-0.09846773022917672
2192,-1.6618255749503525,-0.17378354898818915,-1.7275217105613534,0.3688401858369744
2193,-1.9529886419565594,-0.025692915339808442,-1.4343666117092289,-0.934803985647343
2194,-2.049937335925501,-1.6397112176783,-1.1730732244422586,-1.0678660405237055
2195,-2.864984277429656,-0.7236486363238094,-2.9654586639654106,-0.7900975158113043
2197,-3.129331369473677,-1.7303964925697641,-2.5480904073504664,-1.1219023236500305
2199,-0.22135517913426986,0.2326843592838539,-0.21105153921571185,0.11728005493020462
2201,0.8384481745489221,0.9280429121072906,1.3841320820160272,0.36422689264939956
2203,-1.2436453856659582,0.022984555654208507,-2.083310902312212,0.024086116728966264
2207,-2.641985336158731,-0.9967446970914547,-1.8383227019619948,-1.044158261012007
2209,-0.6168434177112174,-0.12879309842691028,-1.3545601534832248,-0.29207140078749105
2211,-3.105560579152648,-1.725788899689692,-1.9645436714009776,-1.3708907106584995
2213,-1.6547448291340725,2.1151946584386465,-1.0581010761951468,1.0167476754952034
2217,-2.8278874928364917,-1.775466054902129,-1.3320469033335387,-1.3676621381378076
2219,0.40632124142335746,1.0740180036669742,0.8172263741126391,0.6356292850287478
2221,-2.1216164916887754,0.21858308639778556,-2.0227982889826843,0.20173122416246198
2223,-2.296454583053049,0.15849187223279518,-1.5608299295620136,0.10718677116813984
2225,-0.020252926621452172,-1.4862363068996953,-1.1047523473050411,-1.3787435239729984
2227,0.21211466293600126,-0.753073689825638,0.0845840783845504,-0.32689448914943614
2229,-0.2717705119307723,0.5300472888676379,-0.9092413465132193,-0.3863653924142666
2231,0.01695692908688229,-0.3375054382530744,-1.2874605478871581,-0.547286351111202
2239,-3.479163826328574,-1.2839048069264187,-2.8308518266096954,-0.7821421380895056
2241,-1.1726888305747116,-1.6831167833510055,-1.2422443142714834,-1.3657920435541617
2243,-0.8501864868444795,-0.6522242417097902,-1.661978322235922,-1.4689243999922255
2245,-1.815597664884142,-2.3274010917791617,-2.2070820740846573,-1.9400512290788454
2247,0.08599631025535615,-0.8556828772349024,-0.6904837881364791,-1.2585801893082318
2249,-1.600111135810673,1.5603031651281158,-0.5159037126697158,1.9758678988599192
2253,-2.4984274391494337,-0.09868136202833272,-2.309625500970135,-0.48569454552416463
2255,-3.2386419288934833,-0.512382458479224,-3.4665925753005515,-1.3244621939917454
2259,0.9001669223381419,-1.2310754602144156,-0.45306492385146396,0.037613212605583174
2263,-1.557498971836762,1.5954777544475203,-1.302901995125637,1.2086451413609036
2269,-0.9794869383761047,0.43925053668366115,-1.6449107254515527,0.2570685755484002
2273,-1.0766391767836077,-1.7307331065592666,-2.54183502673656,-0.7142516649999008
2277,-2.3510610921439703,-1.3695675444268107,-2.54952587867331,-1.599241252591252
2279,-1.6128284842142573,-0.381099053870353,-2.199742954328958,-0.4296096848995652
2281,-0.312643577675771,-0.7549878106505702,-1.5158729758098581,-0.026085492320126007
2285,-0.1107752089406322,-0.035213067657798136,-0.9801193545590008,0.35319130715016983
2287,-0.2857915101707391,-0.010587886066165904,-0.5173389297604813,0.03166401361995623
2289,-0.8943237329498412,-1.808165118684003,-0.5579979453008579,-2.0481485497800693
2297,-1.0807192740583145,0.7215521952970666,-1.916519745466092,1.4433337705033855
2301,-2.34782892130246,0.8662729698510024,-1.9575518090693302,-0.10370453539877185
2303,-1.0415829791984985,1.2802545602550386,-0.46107600188049097,0.47180417419205634
2305,-1.5676118762931295,0.505975337195416,-0.8550322169962526,0.5560765165620971
2311,-0.09587281701032668,0.3463058587483373,-1.3204978374950496,1.208453510746337
2315,-1.1392212516697047,0.042881337657943996,-0.8410947323061243,0.6001722040740879
2317,0.5824625234975765,0.21510991234416071,-0.32609349599507265,0.5267759049090931
2323,-0.20555601773443166,-0.47446456989493424,-0.40491707824167317,-0.6625252222373714
2325,-3.769407076594564,-1.260731914301228,-0.9851518415177102,-1.309156816621465
2327,-0.6207662606001588,1.3002946254231451,-0.06464659127685414,1.166111451327364
2329,-1.5755795201298874,-1.5910395789828853,-1.3954521564255244,-1.6079604160202436
2333,0.2017744076273695,-0.8064405722302419,-0.17579520552441494,-0.5198279006065236
