ID,y,g
1001,1.668787032000128,1.3512492273898777
1002,0.13241435359290119,0.1414797839152175
1003,-2.0938222174277987,-0.3852530730310821
1004,1.253231637071595,0.3629925260987049
1006,-0.6884269412798527,-1.2720376855583462
1007,0.8213710964998706,0.6509850793358768
1011,-0.6314019970488567,-0.6367560155226776
1012,2.544686009549478,1.2086542411506729
1013,0.5640971308173541,1.7693676751848966
1015,-0.928555984132768,-0.4792444893331854
1018,0.1250504246995251,0.707377709520115
1019,0.41367178249549763,0.801246295236841
1020,0.13221658749407228,1.0236160885809416
1021,0.43244891521344875,-0.5924685743272478
1022,-0.2809757759062488,0.6471290802505746
1023,-1.0201284807489408,0.4893195697270093
1024,-3.6498680335002205,-2.4761807233741053
1025,-1.25996266643859,-0.5161404521678503
1026,-0.6348551705326306,-0.9171771738318467
1027,-0.48913247415477085,-0.9668626586628
1028,-2.3757929133898448,-2.880696122493895
1029,-0.26906012991406425,-0.6210678038215736
1030,-0.14565158551332114,-0.32641175089753266
1032,-1.0340154782892645,0.24571089046872926
1033,-0.9257494628445726,-1.2872638508888683
1034,1.7596903693575796,0.5571328004279187
1035,-0.571724060793185,-2.237375369870075
1036,-0.17417187260350703,-0.33944346628491734
1037,-4.312801088847119,-4.012659960284713
1038,2.4829829524668905,0.06917572595442219
1039,-0.41398695324340906,-0.6095457054311928
1040,0.6307338394291577,-0.44196060026358525
1041,-1.0153187715337055,-0.35360164629232127
1042,1.4286594725954527,1.8955517996055289
1043,0.07603915047069301,-0.04621301467886315
1044,-1.3751851838325282,0.39741555798029027
1045,-1.3590945296845762,-1.3359692557820546
1046,-3.595550199369005,-2.864550932328521
1047,0.4912669635913524,0.11378704831289509
1048,-3.4252765784773493,-1.6714599131245595
1049,0.14739665775290656,0.24671934661361436
1050,0.7060220692226858,-0.4630990439961914
1051,-0.3350334849064991,-1.342438237261255
1052,-0.49101753613058496,-0.4799214433443941
1053,0.8606884112171009,-0.3964286780803332
1054,0.5777295058618046,0.7922363707987409
1055,0.043014223767804616,1.302816401116113
1056,2.113857191363568,-0.5441106020883553
1057,-0.7528558503552598,0.38782484911063536
1058,0.9853884048027743,-0.8676850153194973
1059,1.9120987349826064,2.01274145858221
1060,0.3356978354581888,0.7875132283388698
1061,0.3438480981251358,0.6135783917672631
1062,-0.25411695804738454,1.5233361736367137
1063,1.6852182074004012,1.5432557687599713
1064,0.3500402106069071,0.05566891989270483
1066,0.828815237644966,-1.1264425834277463
1067,-1.4655884338923817,-1.7171860009107447
1068,1.5268805772024343,1.8896983899511866
1069,-0.3202906775505139,-1.6699416043959412
1071,-0.6758399429375362,-1.3989411769196984
1072,-0.5068707130447436,0.029563959097504543
1073,1.017931891835997,0.19152610882522292
1074,0.6233964368250375,0.5974338315036154
1075,-0.9639682496075331,-0.9100200822361132
1076,0.6910346435433068,-0.6357064478073051
1077,-1.694709816690119,-0.6443897866640612
1078,-0.23328371608759302,0.33866295510449185
1079,-2.8769535355655287,-0.5257656236603045
1080,-0.6033944204557216,-0.4810221602241916
1082,-2.5908703704029605,-1.4201108343445894
1083,3.7380655754139296,2.1456393566868988
1084,-0.6584130251963697,-1.3497045784570125
1085,0.2129928612057731,0.86966217456687
1086,-1.0530524038845404,-0.32293115554136625
1087,-0.8137151107784719,0.9664603608984192
1088,-0.9269844400599107,0.506783797241506
1089,0.9356015473388943,-0.059601654763188974
1090,-3.306509829615272,-2.006299977723052
1091,0.31726680065200263,-0.3984148371491405
1092,-2.4613018853238415,-1.46456688788393
1093,-0.9733080078214665,-0.1331693032486173
1094,-1.9050004539280625,-0.48914712917809655
1095,-1.748194721988227,-1.0367884261499796
1096,0.5013221949562604,-0.08959412031244549
1097,-1.3300443227966556,-0.36121331993340866
1098,-0.19962965007362465,-0.03295592962952319
1099,0.2690823704057709,-0.3987132981511964
1100,-1.0210076413741742,-1.4639135853815706
1101,-1.9005021831941336,-1.4253794190943578
1103,0.4442247973483058,0.30574832891751796
1104,-3.0109005632283896,-1.140497553784305
1105,-2.1410707479973925,-0.28507415867634955
1107,-0.9481355842425326,-0.23500191909885124
1108,-1.8894816494328017,-0.5029842793093592
1109,-2.105388241221916,-1.4518836998290077
1110,0.27864689266526366,0.8785432578219954
1111,1.7195542624827371,0.26111834521894584
1112,1.3285387624912104,1.7305052658221756
1113,0.4925978228805396,0.34491506364741437
1114,1.6723646551211924,1.9923867774439932
1115,-1.2843268043747846,-0.5327774479538911
1116,-0.7605270843877702,-0.9943245947678833
1117,-1.9913398961838402,-0.942335002941221
1118,2.3209759883255145,2.082602037397345
1119,-0.03417086359503057,-0.0029150168338864775
1120,0.4819981710595487,0.6648259183609022
1121,-2.2203294287726703,-1.3177775583978149
1122,-1.418425580020672,-0.7708878324534333
1123,-1.1973203332858648,-2.3344759778631743
1124,-3.645793155127807,-1.2344174911200871
1125,-0.5169136261003949,-0.3389628265429429
1126,-0.7272586865904098,-0.7584857695382881
1128,-1.9790141640012655,-1.1631249806622568
1130,-0.6130536576367297,-0.5525799800409991
1131,-1.661587017149893,0.09208334342406722
1133,-1.372381722782158,-0.22203267042876154
1134,-1.704580569692284,-0.7649191302548757
1135,-3.251693963552194,-0.8822323333946009
1136,0.5398884613993543,-0.9021099558190125
1137,0.30191766732302033,0.0010792048860747518
1138,0.0052247210612857975,0.9148420493330343
1139,-0.028545118964999228,-1.3206251956868504
1140,-1.6659448819358844,-1.391764524290561
1141,-0.30064951818766894,-0.8236417026428755
1142,-3.298394263264923,-2.384350629650045
1143,0.26598615199802844,0.25068065629843855
1144,-3.4535145511197536,-2.264234878669232
1145,1.2964154943092208,0.0864046049155479
1146,-0.262802888366074,-1.3261724865049012
1147,-0.5433506657875556,-0.11791381061040808
1148,-2.1379285475018515,-1.6783150363984
1149,2.477090568578139,0.8136341343782117
1150,-2.709380165249965,-1.3837721656536373
1151,-1.661810637271027,-1.0995413132856484
1152,-2.437133656001282,-0.45375163820723363
1153,0.549509589923051,-0.7201808756740634
1154,-0.11220173356158052,-0.03967949798631054
1155,0.8583480543869617,0.6684259610442447
1156,0.42143529078102543,-0.2067923466088059
1157,-0.8024729024472629,-0.6186756774696132
1158,-0.9791458750152318,0.14381775757077303
1159,-0.8789876056877504,-0.6787576290139129
1160,-2.0204955880372157,-1.819499337646869
1161,-0.2551916007089956,-0.8269402433957364
1162,-0.44456978129941427,-0.5994695940537439
1163,-1.1872013074955663,-1.6977867409899252
1164,-0.9667903807203242,-1.2176779032189238
1166,0.5856674630776166,-0.26566871237178297
1167,-3.0157607343173547,-1.6412954012253762
1168,-1.3674621221008452,-1.7547077090643735
1169,-4.196552002727039,-2.237193316966796
1170,-4.103634313156092,-1.5952029834916874
1173,0.1542432817000691,-0.14400262533786448
1175,-0.41815542739332867,-0.39698216072268583
1176,-3.6346388026035386,-2.006497524675753
1177,0.5838967255140739,-0.4541497009174675
1179,-0.9320510457350413,-0.3268547692358299
1181,-1.2610214481283015,-0.5141574391750044
1182,-2.8834966333703207,-2.266757997142146
1184,-0.16348101812546878,-0.3861157865537867
1185,-0.6000957338473513,-1.2490859281860405
1186,0.5470306727365793,0.11400502235088047
1188,-0.366750295084288,-0.6002000490868318
1189,0.4153939321271033,-0.30887866793582985
1190,0.8666878321814595,-0.4495765482829017
1191,0.9480364734595064,1.1340070858204414
1192,-2.1246820839307174,-1.2046772375723593
1193,0.2779490661938381,0.3100492895569146
1194,-0.980690385815468,0.013152663809620043
1195,1.5188486857271746,1.858898317206569
1196,-1.6711907941399604,-0.26975638740955404
1197,-1.832412030918712,0.27779396685638447
1199,-0.5449313746502737,-0.788578459613513
1201,-2.8622223887098777,-1.0964616424829383
1202,-0.9856240153778187,-0.36168885452512733
1203,0.4323397964725336,-0.4855203656343108
1205,0.42919017958773603,-0.10444806812072986
1206,-0.6551316738820879,-1.4258730503171935
1207,-1.0901863409797579,-0.5088097575289806
1208,0.9973044990926221,-0.3235657020154233
1209,-1.091256574768859,0.26763098111329947
1210,-2.6454824983491037,-2.423787370238111
1211,0.2788928805926882,0.5269046523560292
1212,-3.1715796453172387,-3.300772200707499
1214,-3.0474813918752925,-2.1938568004508254
1216,1.0411481427043205,0.49085856970225755
1218,-0.23501522652449758,0.40716378225212735
1220,0.18852120436742567,-0.16066819365669108
1221,-0.5462046577367188,-1.1468932328564794
1222,-1.0092356275387224,-0.015747415868059673
1223,-2.15879588753985,-2.045391104563017
1224,-1.7288428443919373,-0.014571450835168163
1225,-0.27870561807076055,-0.6776193919045767
1226,0.5520033369599501,0.04945813711087932
1227,0.6998233656539069,0.17600981824963458
1228,0.29461355398056643,-0.217029582120312
1229,-1.2105821789298874,-0.44216982643034075
1232,-0.563992871206876,0.05614283529511275
1233,-1.029362696667402,-1.3894572155766256
1234,-2.3167107903341186,-0.890192343576114
1235,0.39376313491948467,0.6381569412399235
1236,-0.7611138142907015,-1.737820861268375
1237,-0.6666227973264288,-0.7290006967721324
1239,0.06142550266812917,-0.08692137272856486
1240,0.4425372341081066,-0.29033678330432483
1241,-2.248800455144503,-0.0016522637246329745
1242,-1.8611794227202199,-0.6835226923824327
1244,0.04679026545102716,-0.9375638623259914
1245,0.3260449378875768,-0.6447910661565097
1246,0.20632420768304027,-0.1420299690209017
1247,-0.5350829675922666,-0.9470605782556697
1248,0.5347111764540671,1.0450270824697256
1252,-0.920019794765733,-0.7443735841329665
1253,1.591940775773061,0.7262420659372455
1255,0.9954269579173936,2.1518583838553518
1257,-0.5705974083655466,0.19310989325697578
1258,0.011621249342272377,-0.6832289013490327
1259,-0.5337205683315946,-0.9890006394098408
1260,-0.2405349982243692,-0.08680416221527751
1261,1.73857151699566,0.2743440918790875
1262,-0.09853442580112659,-0.7932632888393377
1264,-1.3014154067306662,-0.6271276815521057
1265,0.05095986888643189,-0.8807458891728441
1266,0.0016672724470579436,-0.36131354247512437
1267,1.0348202149165076,0.1119627972701703
1270,-0.48485857305560787,-1.5559317862942468
1271,0.06895550400218609,0.5729629759491228
1272,0.22524332643645317,0.7057286009118464
1274,0.9962414250215662,0.9672951196766902
1275,-1.272998075374144,-0.8217353201158014
1276,-2.400627815974558,-0.7498476494092916
1277,-1.4638186628956777,-2.149765971412785
1278,2.339638114204467,0.7921238647428068
1279,-1.0348825347773642,-1.2431447777050328
1280,-0.20549416032432244,-0.7605408342770519
1281,1.8367738421360644,0.5555391579433709
1282,-1.4259795784579623,0.009142205086021734
1283,-1.3616188485413643,-1.0276946160055638
1284,-0.3287459030704052,1.0487640557161622
1285,-0.6829777613292671,-0.6883386456395366
1286,-2.3574560385896604,-0.8304577597092575
1287,-2.898316900750136,-1.6478788745990678
1288,-0.1234794031437294,-0.3092516675732541
1290,-0.3227786812598843,-0.2788023308724178
1291,-0.39125569585579745,0.21774334176882457
1292,-0.917974468999937,-0.28245870054688277
1293,-1.1290026586146429,-1.3395167248922542
1294,0.060959235182999505,-1.5801490968303817
1295,-2.391068371811213,-2.1084712186987074
1296,0.5984106918043922,0.49736370028920696
1297,1.0277303129565871,0.050660818251876065
1299,-2.0067937712620423,-0.9285670682647434
1300,0.34955747203201404,-0.18900268093350747
1301,0.13455669661773922,-0.4210354531008223
1302,-0.8101787703358783,0.8375798404532733
1303,-0.25940821040495127,-0.42716839800933587
1304,-0.31957068767721875,-0.0006427735387292954
1306,0.11901617881284088,0.017063093372903425
1307,0.16819239647544287,0.3793446270572479
1308,-1.0613019008970006,-0.09920742841383481
1309,-3.625194634558324,-1.5600493947046807
1310,-0.9092629842527794,-1.049946112712205
1311,-0.5588355178047033,-0.4204217844993162
1312,0.518592875562617,-0.9362359237172693
1313,-5.600121172649773,-2.6930701126755743
1314,-2.7103330582410337,-1.7777003283191237
1315,0.030400266250851793,-1.0168398112263717
1316,-1.772499627885911,-1.0997045689778286
1317,-1.6719964087365087,-1.4823854547263142
1319,2.8749877720878647,1.4824796632035933
1320,-1.4261017129263505,-0.7844604434864288
1321,-0.7345008967580824,-0.4009115810284678
1322,-0.47771481502875635,-0.9862227876975302
1324,-1.7990508265087555,-0.582734328239689
1325,-1.5320839125344032,-1.3157168726403943
1326,-2.008069142992075,-0.0469568847696369
1327,-1.6955179932009283,-1.6421801174141861
1328,1.1283669680389177,2.0017195507670666
1329,-0.24807242156918585,-0.5353627904636487
1331,-0.29344363088536385,0.03843257434025115
1334,-1.6683220559840388,-1.2182224412156117
1335,1.8472399281457323,0.12768492070516152
1337,0.49486621043781254,-0.5222908116227856
1338,0.8046438793727649,0.6037193075043187
1339,1.2035366415247795,0.6154970899744483
1342,-1.8842218845235845,0.16916630844783956
1343,1.653209718562962,1.6068047412871276
1344,-2.038231819858879,-1.4316941851258203
1345,-1.3842253034793062,-0.8113310109594004
1346,-1.0452050085980886,-0.5434721492434927
1347,0.2547502347935306,0.05054347247684757
1350,-2.0348635575202545,-0.41384159001877185
1354,-0.9742310492103764,-0.962091147603162
1356,-0.7190810740799798,0.31326393014571013
1359,-0.23661799689724572,0.48172618151956625
1360,-1.5616238001420952,-0.5949249447182373
1362,-1.8424081191393347,-1.1253266779303406
1363,-2.7509314872784474,-3.1081573252790977
1364,-0.5625487237403316,0.5708135577734946
1365,-1.1224382264718678,-1.1398256081837579
1366,0.10442930238030412,-0.907236836929279
1367,-2.6761970763807224,-1.1459396452872137
1368,-2.093311022056186,-1.4379400549027692
1369,0.20905717525736278,0.3305742487805961
1372,-2.6735008293538143,-1.16363031925423
1373,0.5981429079866512,0.4011898684373958
1374,-0.037823766870614214,0.051522878255911814
1377,1.4335415248031853,0.6928211097796215
1380,0.36902626465809285,-0.3388159332807448
1381,0.9858474206214327,0.07795672810242463
1382,-1.4850788814600617,-0.5064723163451359
1383,-2.827577339584569,-2.4708954911777
1384,-2.7582027572172985,-1.425433225333782
1385,0.04224035505063933,-0.30883998913395494
1386,-0.1604904058425058,-0.516245709745496
1388,0.6458804428709601,-0.856138309468631
1390,-2.3182221110793644,-1.503821171185037
1391,1.7963676321360598,-0.48766802649297003
1392,1.454517639383553,-0.25875216772844345
1400,0.06078653703667225,0.6651868898360314
1401,1.1976788148690107,-0.004142960122512367
1402,2.3657136345621064,1.1204235610272784
1404,0.7026904823734919,0.7442773980354527
1405,1.8346239819806867,0.34002773753297155
1406,-1.225456745781224,0.7363651497835109
1407,0.5676860927037,0.32837728718156023
1409,1.5911477364771587,0.5981836453488797
1411,0.20119926462287974,1.2789125821634628
1414,-0.11843475119427782,1.0085641689003502
1417,0.8643997907380061,0.9643058373407739
1420,-0.04855465380540208,0.2687567592171549
1422,2.8036828178934368,1.7813635026709973
1423,0.26902783748747705,-0.0008242396401878786
1424,-0.4838864463752717,1.0755611317438707
1425,-1.1894727685120836,-0.42775489049385135
1426,0.8229420050359841,-0.10075865713651716
1427,-2.164670054620732,-0.8248741986068601
1428,0.19935117777143951,-0.6535972824024792
1429,0.17712223434389424,0.32265290523199003
1431,0.5684348815544906,1.2365485429047895
1434,0.37522316093134434,0.956268902300366
1435,1.6232930977947477,0.1659973239436892
1436,0.28009198140171393,0.3252683128550049
1437,-1.9162229364226957,-0.6669806309482572
1438,-0.6817715052982423,0.3587634381540039
1439,-0.6830677926233669,-0.11880452584758795
1441,-0.7327978463698233,-2.649961651314088
1442,0.5100117563367688,0.8686811360822926
1443,-0.4248087444251175,-1.3960685224682543
1444,-0.12075795990767224,1.3488250530934496
1445,-0.73585548777768,-0.8464363335228741
1446,-0.41174258977027667,0.594719583387159
1448,-1.3336213604371674,-1.1946593247313728
1449,-2.655162104075944,-0.958924825262554
1450,1.1244948962614403,-0.3170957775763958
1451,-0.6675291315098797,-1.410349411788887
1452,-1.9824450644165552,-1.5207934805716474
1453,-1.8048621355385683,-2.356763944689018
1454,-0.54661531821933,0.28591263959865565
1455,-2.649821658248036,-1.6817900959474625
1456,-1.6281895448598913,-0.8481757032584861
1457,-2.6017999698972063,-1.795900064395726
1458,-1.8953264898061952,-0.5483667680207811
1459,-1.4598024707921455,0.5551907786887132
1460,0.2351283096110951,-0.3298810265295189
1462,0.85139100329969,0.9663758590374303
1465,0.5007257098515664,0.23956996027828764
1466,5.85727050534323,2.9751132301990664
1467,-0.1009419965340983,-1.6332760548707355
1468,0.8298369721543156,1.3593156156883281
1469,-2.3181217723517933,-0.9602531780147143
1471,0.29545185727161083,-0.6849935976666173
1473,2.014810019624618,0.4654993119573289
1474,-0.0922920027916404,0.6081463174706033
1475,-1.640697709199224,-0.6385522068251456
1476,0.4908733019499375,-0.741366253742305
1477,-1.5675337725846163,-1.0151539636917448
1478,1.0619929924102816,0.997358001487495
1479,2.3094377549480294,1.2906683242474333
1480,0.008512912549625051,-0.493482683026657
1481,0.2518646781859698,0.020391102933643813
1482,2.1682608232007134,2.1089480366273867
1483,0.07367401585309064,0.8809837186976626
1484,0.9693788058603177,1.0799562454477254
1485,-0.2973300204735104,-0.06504324989639548
1486,0.8122414254600133,0.8857886454636164
1489,1.409575569006137,2.9397506631096495
1491,1.44192817451309,1.9908607949664157
1494,0.41730899377549524,-0.7245869096797923
1495,1.6134922162398406,0.9806313511705412
1496,1.2134353795454487,0.9757005821080763
1497,0.13991234774334183,-0.9276565251170573
1498,-2.2839232745407823,-0.4142643613221368
1499,0.05316649851950929,-0.0960523256948324
1501,-2.175233543020993,-0.5842711525289054
1502,1.875454766238431,0.2518340045603283
1503,0.49100835723321923,0.12617857657032694
1504,-0.42674987449805435,-0.5500959529918344
1505,-1.1676872469772257,-1.0449976616981753
1506,0.7588784216421515,-0.04688292349493406
1507,-1.5599479704791333,-0.7913619366956232
1509,-0.10482350097342297,-0.7642667572823594
1510,-1.2658883213093055,-1.504818377208035
1511,-1.5367506270662874,-0.8083547273203016
1512,-1.1500572977741457,-1.8850488586441874
1513,0.06923959126271284,1.0599592986132982
1517,-0.8831226055407089,-0.931146593447682
1518,0.2455003596729739,-1.0211711969950041
1519,-1.0083080779054507,-0.00514886501405826
1520,-0.23875657657877322,-0.23740946766492912
1521,-0.6470192445429134,-0.5555954798983472
1522,-1.1414776039027226,-1.0646086397763117
1523,-1.0950072870379088,-1.0132712503499668
1524,-1.7823120445470053,-0.6955167711631272
1525,1.1773642016750838,-0.5943328162835186
1527,-1.0151490931781035,-0.5469081796912986
1528,-1.8546757056397718,-0.6464196006900907
1529,2.3674893082395565,0.701721837090823
1531,-0.5492609455070776,-0.6941435393494563
1532,-1.6757784097695032,-1.595967813906099
1533,-3.5109706650982395,-0.5516495634224251
1534,0.13705875755331792,-0.12431037875538105
1536,-0.21421445793142035,0.07270172188271823
1537,0.8416927546059428,-0.6743455091693203
1538,0.38974572276956737,0.36625770166305
1542,-0.6977030695576002,-0.011357565052407547
1543,0.023466868532982188,-1.583440487481611
1544,0.974671112300901,-0.692699875813168
1546,1.008168356355849,0.9210346257602606
1547,-0.43819969853320623,-0.39391384063418855
1549,0.6907584215637746,-0.7059036700752109
1552,-0.6957476361405622,0.2869498455293108
1554,-0.3538673381516145,0.262535975986459
1558,-0.6114783426710562,-0.015041958301436766
1561,0.5065885756690056,-0.353376811890652
1563,-0.4396885433172931,-1.046699826875293
1564,-0.6369282649658945,-0.05981051012832198
1565,-0.7121474613537941,-0.9968508342506102
1566,0.07062332339341593,-0.923203112556352
1567,-0.8141993879028161,-0.8763169149470823
1568,-3.101898339962833,-0.7830540335162236
1570,-1.9228141439163573,-0.6585691117371287
1574,0.8622561952887595,0.6258856340123299
1578,-0.37031270582103853,-0.38424306036357886
1579,-3.5798926042860506,-1.6200086882578681
1580,-0.3148404552950046,1.409912387328189
1581,-2.5239138634006917,-1.6785695598356742
1582,1.5495660126550328,1.1035453776228457
1588,-0.7728691785680009,-1.1343814660953566
1589,-1.1825744235962552,-0.5749997201949013
1590,-1.465613384687151,0.107217649203124
1591,1.6513993857559757,0.4659676725623202
1592,0.3586956025052921,-0.4499633511964507
1593,1.7213090603541064,0.8017248011034332
1594,-1.431847577288499,-0.35708506148299163
1596,-2.4906393245977423,-1.5235548345333922
1597,1.363315898717922,0.7793677417414899
1599,-2.6481477940767992,-1.7267611422737754
1604,-0.5027959274052296,0.031081101087105642
1606,0.4751544530951508,-0.48560800392578285
1607,-1.9229906668047314,-0.8729444273950081
1608,0.8581463405359959,0.43725036371243503
1610,-2.4197072707604326,-0.9990918615195069
1613,-2.4849132979393556,-0.7686098829049608
1614,-0.32660237500565326,0.35160302654778686
1615,0.6393065836341417,0.693831290206367
1618,-1.2027681150351968,-0.6023827237163304
1619,-0.568293544945851,-1.17988017067913
1620,2.3119984396031796,0.7586368609891462
1623,-1.6838135594227803,-0.5360914568511662
1625,-1.8536748028175647,-1.0397493107695812
1626,-0.6490000795579254,-0.31112394192839
1627,0.08024186423943602,0.5093471852611108
1628,0.8775983184432534,1.339318387922704
1630,-0.48048354451888764,-0.16656350002727707
1633,1.847711347553151,0.7945127881262649
1634,-0.8049965077521437,0.9199609697784539
1635,1.9131491026394338,0.8669631128110016
1636,-0.8313513642053093,0.018223506341218037
1638,0.3601833418993319,0.26329531106108633
1639,-1.2046227674606063,-0.521870982515654
1640,-0.960325552917946,0.3207694704265947
1641,-0.8274954852529306,-0.10259028523365762
1642,-0.10645924003203949,-0.26650981373590965
1643,-0.8972890759393501,-0.5983835345789181
1644,0.5967152264137612,-0.15622476015373857
1645,-1.1666200321316182,-0.022683843635244498
1646,1.160061615676459,1.010389443743006
1647,-0.45787107390579873,0.006877053405042696
1649,1.7783413742410124,1.696265129877073
1650,-0.015553665597715538,-0.7331558529650894
1651,-0.37167094660530187,0.2675451835329292
1652,2.8914278696335973,0.49379429817448184
1654,-0.8110747288940988,0.2756502086832452
1655,1.7710046753054822,1.1771795888163203
1656,-0.6788576652131516,-0.8423853038264909
1657,-0.007503890117667916,-0.24476262364294432
1658,1.0111247771215781,0.9755339573772691
1659,-0.7358217229750863,0.17404444546485834
1660,-2.921370272329383,-0.3516446769333242
1661,-0.14964634243142586,0.014781421044943257
1662,0.8691689659040287,0.8231758931280267
1663,-0.2844861659837845,1.2748122387167908
1664,-0.5586653524875133,0.9601554930136963
1665,1.979981625915834,-0.7030218503600609
1669,-0.6448201417010446,0.7952246829648035
1670,0.7472156941843741,-0.5725785927959032
1671,-2.0118333699765714,-0.9649385840778872
1673,0.6230086581556085,-0.16867634267541173
1674,1.2316961139139053,0.730178473226247
1675,0.9649021662815687,1.2085304647958817
1676,0.9033099591890758,0.019753544412601666
1677,-0.356962544092701,0.24615693621258225
1680,2.630356814227885,0.8167815470172418
1681,-2.203247098087086,-0.6625356209233404
1682,1.144379226376331,0.40142645946830097
1683,-0.358581298070049,0.5488364221509338
1684,0.6851330173302547,-0.0989017681494936
1685,-1.3669143059574929,-0.5636584691454015
1686,-0.449649304670231,-0.6971755772740451
1687,1.4127699166076493,1.1461320998573792
1690,-0.3921192168261092,0.07360741369694936
1692,-0.5326434180313263,-0.9481184557156451
1693,0.1429437655132873,-0.3054742890285399
1694,0.07031729139435589,0.3043148440145327
1695,0.6084167368189555,0.7061516918560095
1697,0.5869163395212667,2.1137772030547795
1698,1.7619279161497174,1.3068298490650516
1701,-2.4312135105467862,-0.16198133822302296
1702,-1.8342712862857564,0.11104931769607493
1703,0.6634440259344697,1.4047498232499434
1704,-0.6771500245537265,-0.31365808496373193
1705,0.7287434969296567,-0.9518750677973185
1707,0.003247379559116581,-0.4897230102776292
1708,0.041091127674686534,-0.31840300125052706
1709,0.8517065243982485,1.1544903081122915
1710,-3.754208202715896,-0.9483264608793952
1711,1.1620453512173197,0.7774714423110662
1712,-3.1216154458315546,-2.7721668715558394
1713,2.276551168472874,1.154055865459433
1715,0.2543072390252566,0.6704214767932343
1717,1.0016841206825233,0.4705154825659127
1719,-1.0892931327589401,-0.22027962527579834
1720,-0.7987225067138626,-0.3159053918631171
1721,-0.4318070847596266,-0.3638554069964158
1722,2.5340594500592526,1.7515378718929058
1724,-0.46651384162228215,-0.6256096907671187
1725,-1.3381979111702853,-0.5779477151637041
1727,1.5589163033351827,0.2554670829939488
1728,-1.1368349565501619,-0.17322383195497473
1729,0.9248687570387396,0.08457318886866368
1730,0.6744331930336087,0.9306114283256703
1731,0.9346119856372543,0.5284165822541568
1733,-1.1739163334282525,0.6172617757905292
1734,0.9869898982748861,0.4996220932918629
1735,-0.4790681164531795,0.18029824045345114
1736,0.9186015923457189,1.2460442696470408
1737,0.05353289398519362,-0.44697834739971304
1739,-0.46749303442228585,-0.6094825778439235
1740,0.4679194820979584,0.7085366557184211
1742,2.713431444547009,0.8118409426777288
1745,0.12079795077580813,0.8247892194270823
1746,2.5927118367899937,0.517358442565414
1748,-0.3411032130098299,0.057901747872047236
1750,2.600833278957297,1.3275190069272322
1751,-1.255950836906564,-0.49806570935094385
1752,-2.2967085220337475,-1.9605716504501742
1753,1.5495394668900437,1.0334128533519706
1754,-0.2584242318189788,-0.17526528992387116
1755,-0.3394427541406112,-0.583347191472483
1758,1.629690522812795,0.5145567645497159
1759,1.3040672680023522,-0.019080225459732075
1760,-0.7077923246648915,0.8127734032393369
1761,-1.9788571761509108,-1.6058781397223154
1762,-1.7245351572874457,-0.44778740734964895
1763,-0.6466897528440999,-0.2392667379184861
1764,-1.3155546992099736,0.007437140666208916
1765,-1.2930550114709376,-0.4524667977937657
1766,-0.4276355048274344,0.4772611702696751
1767,0.3426923056789973,-0.2835288006870353
1769,2.5111261776527716,1.8513690622654182
1771,0.029247152631738542,0.03430144663007092
1773,0.7762750652428461,1.0359282453108207
1774,2.622983388059616,0.8811690280541293
1775,-1.7683195879186107,-0.8252610973740597
1776,-0.47053812480320445,-1.17154339769556
1777,0.9917481912667865,1.1536912376860742
1778,-0.9224658936591366,-1.1041698581166035
1779,0.22682593090815262,1.581005946581666
1783,0.19276989754771934,-0.814960102807622
1784,-0.9167656216243473,0.12600335251465697
1785,-0.02319441526929855,-0.8044556193858704
1786,-0.691790412909346,-0.09772094228566297
1787,0.5401015608672497,0.5433141399863521
1788,0.11129831642231522,-0.23564103640383124
1789,0.807763178301055,0.14651183537290718
1790,-0.5481823599710988,-1.1834821933310122
1791,0.03372951675540742,0.1613588877976376
1793,-0.16781663024337123,-0.6930497290858944
1795,-1.2864237028018206,-1.1044993528050016
1797,-1.0577613040229605,-1.2035761351971208
1798,-0.018802847979278448,-0.7601679050886894
1799,-1.404701753580643,-1.5244413804242931
1800,-0.7018057724371465,0.2378117145665764
1801,-1.8063609199588953,-1.8461443167754163
1802,0.11040984894948758,-0.28266037793331894
1803,-0.6964267157748645,-0.5484566980069812
1804,-0.3430761305500679,0.22744276884118428
1805,0.24372863746097873,0.910286894295581
1806,-0.09550987908488529,0.2546132061982577
1807,1.7519514392583524,0.475116839284608
1808,-1.3664921117112814,-0.6942133762404104
1810,1.0291246228756041,0.3910696216447285
1811,1.9928706010123958,1.3158544009650712
1814,-0.4308818378928576,1.299289810406175
1815,1.8339426387324802,1.3486598188853542
1818,1.8320543173528525,1.1522600313872322
1819,1.0032330206181697,1.0821635919179282
1820,1.7006536984294354,0.4209011922649457
1821,0.5243376076771348,1.194920371868332
1823,2.672015517965104,1.102439229111289
1824,1.2449056415184434,0.8862880447391567
1825,-0.0855835630892855,0.20776040067225726
1826,0.30484957831742543,-0.18455390946370615
1827,4.081425197502967,1.59653673999661
1828,2.0088427245814318,1.3061598621860309
1829,1.0230020991626532,1.2579005423200857
1831,-0.6568195477823296,-0.51346765851584
1832,-0.19460043829563828,-0.1877690253662951
1833,-0.4952288633127368,0.4646744374657276
1836,0.04044678144122371,-1.487616282212672
1837,1.2778492135178443,1.170081304945911
1838,-1.922307741882841,-2.7961590066341406
1839,2.305878797858714,1.2067625027338293
1843,0.6805571125216769,0.1142133384631065
1844,-0.445241196326966,-2.3930766890506834
1845,0.8203979459670977,1.4159634837627992
1847,-0.051637290797623026,1.1112746078145197
1848,0.3182249331907826,-0.5299071617810308
1849,0.5595249416655343,1.41378886066103
1850,-1.5580045808322271,-2.3044938644655244
1851,-1.346051786903548,-0.7707080074597769
1853,-0.40335790817479195,0.3790815055038114
1854,-0.7059530902018584,-1.1842275141669594
1855,2.1595643229233032,0.7177657052740852
1856,-2.052779652325261,-0.48019429068581077
1857,2.249441695579039,1.3176571379243598
1858,-0.5194516748941492,-0.7560215178714141
1861,0.7624345951993022,0.7863971172332976
1862,-1.3400277785193926,-0.9130524416702885
1863,0.213095562352351,-0.2207807816673985
1864,1.2639191469987723,0.6820358349107167
1865,-1.6620089169515553,-1.4580897637935066
1866,0.16423187601914635,-0.5541246442291616
1868,0.9703695383226161,0.17062760350361933
1870,0.4548448090186693,0.4654992350556084
1871,-1.6174534642001461,0.17358234167442452
1872,2.0930537359914965,0.8474440166514472
1874,2.6043107465965742,1.219970091803838
1875,-1.4629190581711957,0.3922698132029007
1876,-1.087263074475746,-0.0037039388557698096
1878,-0.09634690584919198,-0.1429757089924904
1879,-1.5727962409534686,-0.4850830701607451
1880,-0.5302429799763051,1.4035258954124685
1881,-1.9900456872208578,-1.2822498671110123
1883,0.6802323600308027,0.19085359820738676
1884,-0.3895106962182942,-0.30328987685737463
1886,-2.132498588629417,-1.4099904826448355
1888,-1.5643403821330137,-1.511651487102565
1889,-0.4975109546276925,-0.5131850899559828
1890,1.5278641248317024,1.0761144851831304
1891,2.346596568011071,1.0585173376892119
1893,0.8374444651474129,0.5003167301622986
1897,0.4173515486774355,0.5994350641836969
1898,1.8818418488896562,0.7326140234336997
1899,-2.2972337234840015,-0.7694101217027548
1902,-2.8690888918799904,-0.7938056553073346
1903,0.4417494827248054,-0.6182723918216455
1904,-1.3447754969664476,-1.1803668464048453
1907,-1.6292331048182571,-1.15369970758955
1908,-1.60435864452519,-1.5343180473102838
1910,0.5150400455204549,0.6347155612907169
1912,-1.6172448391672714,-1.4073986649573715
1914,2.105926504310052,-0.17837804002045352
1915,-0.2692373307333289,-1.6959139695521377
1916,0.7928196188829713,-0.7085195039482817
1917,1.6510517395547786,-0.35804644658995166
1918,-0.7465135538110415,0.10881206497867998
1919,-0.4159944570317323,-0.914753983112158
1920,-2.6983607149663458,-1.616253606659946
1923,-2.1306159020941173,-1.5684606944524933
1927,-2.7821918145808846,-2.23328141967257
1928,-2.034848771882575,-1.0162687880526937
1929,-2.805072083012809,-2.26526793135842
1930,-1.2209955350434136,-0.5677232936110551
1931,-1.9137236768988586,-2.6185506427114262
1933,-1.1667053570708592,-0.8257341900679769
1934,-2.6471970676972907,-1.4979668265784825
1935,-0.49819850092728013,-0.7945941559517156
1936,-1.5125723597183471,-2.1670899430396893
1937,-1.339014982024258,-0.8187545421587702
1941,-2.1859940249888457,-2.714692414058359
1942,-1.0590815658535044,-0.17289823604115528
1945,-2.294248117920939,-1.3780628833360014
1946,1.7282782922363231,1.0938150755963707
1949,-0.25745810334868446,-0.9082564206405283
1952,-0.5666666228923454,-0.25176883133044553
1953,-0.27972102725023096,-0.7583227204129835
1957,-0.4631605954421179,0.22534061370946673
1958,0.7809811400877809,-0.26781464135808225
1959,2.744672408101611,2.0593221084089994
1960,0.8275935077700882,0.7280192867816325
1961,1.8648753615345288,-0.030724455871574942
1963,-0.7148394967607437,-0.21513320317956616
1964,-0.9818922495918283,-0.07176748993104075
1965,-0.43882459225578374,-0.510923195155075
1968,-0.3379227287663428,-1.0102130285199902
1971,-1.6275306705656798,-0.9155128274331744
1972,-0.2113163570428057,0.6621973143522005
1973,-1.1541355147714774,0.1911534019884213
1974,0.8578585839598583,0.739241454635343
1976,0.491789041310638,0.8141530339693381
1977,1.7461697872157793,1.1195021204721476
1978,0.156437459594513,0.4781628755389004
1979,-0.7200454117320645,0.12978875114411487
1980,3.6411750776020915,2.6132661392121306
1981,1.2635513809905106,0.6947896139051859
1982,1.3004410203282655,1.02758299475332
1984,-0.8563527314085533,-0.5569868726749418
1988,-2.7884035989307536,-1.4002414377980834
1989,-0.7309190316236718,-1.0080376134246913
1990,-0.7512668743229547,-0.7086421807137452
1992,0.3869833781875373,0.5536766690025566
1993,-0.6188568237514547,-1.6469243527662287
1995,-0.891747078287544,-1.5162093464783528
1996,0.4966581810899735,0.2799333728146128
1999,1.2068625212093678,1.5989243904430412
2000,-1.9886686496554036,-1.5334245314336414
2001,-0.9012188046230881,-0.2404390829321198
2003,-0.26876028514693906,-0.11615069112285138
2004,1.868248812460181,1.6963426202745788
2005,0.5488200815090248,0.8302870803294233
2007,-0.7664801380730302,-0.4371719598145009
2009,-0.5954806012053098,1.0449448711193683
2010,0.9773412749198634,0.016300707866283206
2011,-0.9422872195753955,-0.567900484157657
2013,-0.5639977119838269,-1.1375893059192077
2014,-2.2729429954023925,-1.5007049566972908
2015,0.23410929004314585,-1.198893381995471
2016,0.651399541289201,0.059793726665001976
2017,-1.602288416460942,-2.115273936295883
2018,0.32822318596286454,0.4961728224246468
2019,0.1933258129920199,-1.039965084993777
2020,0.02651760009230464,-1.0005467042721092
2022,0.19689535572439337,0.5352511994368774
2023,-1.1036423310245707,-1.348134553315114
2024,-0.06804699695835081,-0.3245425820499936
2025,0.7510535061649839,-0.8303327228898052
2026,1.1108139037044367,0.7801544467212685
2027,-3.2311642788167925,-1.245530170715725
2029,-1.7661926825613747,-0.7169900716239239
2030,-0.8650423008221648,0.19660077686952437
2031,-0.2373090797657485,-0.42846620144804276
2032,-1.4482449563886186,-0.16874272083955874
2033,-1.3296623641194096,-0.9875098360600629
2036,0.47314512437230616,-0.20367129479398685
2037,2.079014627551063,-0.4036695976153945
2038,-0.8481120318578501,-0.2809962159560561
2039,0.6463671299817958,0.5380469873696478
2040,-0.5912105702308234,-0.48422032947875215
2041,2.946765429252438,2.380606540771081
2044,-1.9140136788156887,-1.2950407098559216
2046,-0.0952285806453621,0.7249818602892024
2048,1.314107768215326,0.5859625973438525
2050,-1.4118515737809119,-1.1520807739633476
2053,-0.38617788718345625,0.3166477689639958
2055,-2.468440914640329,-1.5491326608839633
2056,-0.6969220656325512,-0.11105943563665573
2057,-1.6928731107588102,-0.30441831788324175
2058,-0.2305281004907418,1.0515093163349125
2060,-2.5146270230646346,-0.6747413477787756
2061,-1.5858340827980204,-1.0012642539145997
2064,-0.618981652570588,-0.5343660588562752
2065,2.133344568207514,1.1037376419389044
2066,1.5075218690223224,1.2355060255628993
2067,-1.016684650659168,-0.36823689138114535
2069,0.04457324526788331,-0.6510008161777908
2071,0.4014975878750157,0.3217363752643447
2072,-0.7173084506473242,-0.1004962285323744
2073,1.954037496889716,0.8316198253554452
2074,0.8031642282703237,0.5377479768128763
2076,0.033966869771000885,-0.04511319611221788
2077,-1.365229987318357,-1.0155821634560418
2078,0.056899710742576604,-0.8820379967561279
2079,-3.877473973479982,-1.863358082208393
2080,2.370213688306202,2.092925923729196
2081,-1.1288114657337918,-0.6632012649979296
2083,-0.4197066032120905,-0.4000168593275734
2085,-0.6071060599343192,-1.11967862004819
2086,-1.4358677092980074,-1.912435603505941
2087,-1.090288277350011,-0.5632506092050278
2088,-0.2993617985768418,0.023113032278705817
2090,-1.2739034173071082,0.04432621186796706
2091,0.46413947969899405,0.311238255371478
2092,-0.49433239858123357,0.16328865026790926
2094,0.08772155769719686,-0.27530403485102856
2095,-0.7110674444077763,-1.1292217471989439
2099,2.0341424261573353,1.7186176378936944
2101,0.04849204189684597,0.8382536057881131
2102,2.196710015547145,1.867926692748181
2103,-0.20685965155627672,-0.9814696142192476
2105,0.7461114457510875,1.7207602109787115
2106,1.3502021624958538,2.057031721175668
2107,0.9931319166437997,0.25629736988535257
2108,-3.3933977596544143,-1.4493088444160962
2109,0.007436321128459364,0.11590124279903394
2110,-1.8282021261325208,-1.4666761125275587
2112,-1.0734714666015361,-0.5891421794833854
2113,-3.0462818478627165,-1.9712948677825517
2114,1.471115152124763,1.3296294760306129
2115,-0.24478829728545226,-0.5945317295928794
2116,0.7191407970817543,1.1224647597202349
2117,-1.4480128795084717,-1.0825924360149908
2120,1.7171417010042433,0.8506108215817694
2121,0.7327001339571036,-0.7770798973584098
2122,0.7606457186080062,0.4305734864003161
2123,1.7729308509171304,0.3670418929495615
2124,1.7146425684437148,0.6748741414474709
2125,-0.2302321557633753,-1.1348357048155373
2126,-0.22436515353013814,0.42837525374474544
2127,-0.3332127548330308,-1.3046327970819198
2128,-0.3896735160055774,0.16620060378236504
2130,-1.6990235621737924,-0.48206497168727713
2131,0.24189866801305482,0.8088147449701514
2132,1.3262730535334435,2.0089957776855445
2133,1.0003861276626704,0.9286809495904795
2135,-2.091692114988504,-0.1058375997536132
2136,-2.6804019390767064,-0.7286071581724226
2137,1.3604165188527577,0.6009664962687961
2139,1.6152016610605364,1.2701092878421203
2140,-2.8235027181043773,-1.3690992437432727
2141,0.7038232376102944,-1.322543536396735
2142,-0.4690972101615989,-0.9700355831623502
2143,1.8538448607559477,0.6081425795179891
2145,-0.6729198672064051,-1.271778004449309
2147,0.5208772393574259,1.600064907838716
2148,0.6788870331639111,-0.3821820583121497
2149,-0.4537963389784417,0.3879363621779541
2150,-0.11289141809415298,-0.13542554765411172
2151,-0.472304166388428,0.7800097724879138
2152,0.8047123929224409,0.6198389094951475
2153,2.0183152016465002,1.2866118110039164
2154,-1.82190811589521,-0.16428944653689048
2155,-0.9161419479748963,-1.331420080461757
2156,-3.3442751532332906,-0.4959551861411243
2157,0.07050935295660354,-0.35638807343856566
2159,-1.571829164712347,-0.17664025145238121
2160,-3.2848267016986004,-0.6347239730546865
2161,-1.1016751390957809,-1.9469552767680234
2162,0.7379812184490719,0.600765328978773
2163,0.5241698377316643,-0.457111311959725
2164,0.1671142672002618,-0.3154460036060084
2165,-0.6729212986358839,-1.2655824503181345
2166,-0.1054185456316068,-0.6380810836677732
2167,0.2649932216097688,-0.408088796677492
2168,-2.701330648173655,-1.990160051973254
2171,-0.627416162065151,-0.14413578220404108
2172,0.23303699616884632,-0.06852684161400868
2179,0.5703755802943872,1.3065270906228081
2181,-1.3939569301290589,0.2969561757402467
2182,0.8689508181597101,0.4621085457413257
2183,0.5752222334714291,0.022811316776793107
2184,-1.999637901176968,-1.4767858294129086
2185,-1.400304272326823,-2.3527373760439048
2186,1.3551973114517053,0.007109145123261185
2187,0.42357970048145155,-0.11757926542519892
2191,1.9835999158061755,1.5376045855519047
2192,1.0733009309324393,-0.5331543652760041
2193,-0.3612476931214549,0.6248439433374806
2194,0.825257176010536,0.001598342789714292
2195,1.6525162534139344,1.9567032660680599
2197,-1.8090127546486523,-0.38382085412459377
2199,1.2356966747648914,1.1188206483091647
2201,2.246001511488549,0.4762408999569622
2203,0.7717559565100036,0.750911575402783
2207,0.1780065019021835,-0.14115754307513004
2209,0.8983536467092729,-0.767227704156728
2211,1.2874249823062551,0.03144352635112618
2213,0.6286816384895318,0.11740843483308652
2217,-2.161570062405133,-1.1382861577609362
2219,-2.2441882502658603,-0.6268981892217232
2221,1.0928594842064117,-0.539101769135762
2223,-0.13295598519021268,0.5728026038547084
2225,1.5681989701102843,-0.047071353277725006
2227,0.001604894209860791,-0.17061662636937203
2229,-1.419389812167379,-0.4856785693835056
2231,0.3354864610211932,0.3053877546187604
2239,0.7185795077740583,0.9545594522572318
2241,0.8535183225842485,1.0552823002062353
2243,0.22226877813198243,0.9334752125013719
2245,0.32335696590731855,-0.5795395204485272
2247,-1.5186164249720464,-2.2120449680185743
2249,1.5540287950097194,0.9373677354503092
2253,-0.9969974275226855,0.07636015921567675
2255,0.5028418880608696,-0.3796843376975989
2259,-0.24174805349790396,1.3272037845706885
2263,0.07088998689177362,0.7020668645332491
2269,0.588542102451111,0.28376330504815883
2273,2.2590474672794363,1.0698283854378425
2277,-0.35541551572499297,-0.857309190794352
2279,-0.37322966881645014,0.05566913346168141
2281,1.2223375258015927,0.14718503604113903
2285,-1.031140030815215,-0.14350087003392933
2287,-1.2973729804727023,0.12444677963691246
2289,-0.14425901054571483,0.4218668770411334
2297,1.7179269842545501,0.6647375944898134
2301,0.8083184847872913,0.8377096337054893
2303,0.07015800377987413,-0.9923732998995269
2305,-0.5113637413002212,-0.3503754875967746
2311,-1.2187236163120327,-1.0587153067377424
2315,-0.2110407040082286,-1.1594046570433232
2317,-1.8496956980710513,-1.671786171522126
2323,-0.3253763438402492,-0.2231914207381908
2325,-0.8659186216437762,-0.7741928593569563
2327,-1.7116518794333841,-1.137715358688046
2329,2.144053529899264,0.7731562804003563
2333,-1.683727978967815,-1.7282187911868223
